0.9973273,0.9999963,0.9907397,0.9953363,0.9987219,0.99998987,0.99982226,0.9999224,0.9995801,0.98918873,0.99997187,0.9908302,0.99270767,0.962469,0.9295776,0.9741342,0.69857633,0.9953805,0.9971818,0.9739382,0.9998003,0.9999851,0.9987197,0.99988306,0.9960414,0.9734106,0.99613225,0.99122435,0.9972472,0.9994161,0.9971889,0.99400604,0.9935725,0.9890896,0.99931663,0.99497914,0.9926827,0.8696703,0.9990223,0.9984529,0.9995124,0.99701613,0.99944067,0.9977131,0.99074405,0.9996637,0.9997809,0.99669564,0.99909365,0.99990225,0.9995777,0.14117005,0.98537517,0.099134654,0.010537893,0.033830106,0.01616329,0.036708534,0.14681745,0.055945337,0.9654301,0.9975946,0.9971066,0.9999474
0.9986251,0.99998605,0.9723805,0.9918431,0.99999964,0.9934742,0.99982584,0.9988443,0.9948555,0.9883119,0.92552733,0.9003266,0.9958532,0.9260422,0.8682792,0.9841758,0.9811158,0.98256433,0.99931073,0.99376136,0.9931068,0.8982325,0.9946318,0.9831804,0.91241205,0.98910064,0.9871316,0.9910879,0.99884164,0.9907937,0.9904827,0.99455684,0.98299766,0.98833644,0.87931454,0.99806976,0.99994314,0.9946364,0.99981755,0.9997443,0.9999678,0.9986727,0.9869826,0.9999962,0.9930404,0.9995676,0.9996896,0.9999433,0.9981795,0.99900997,0.9998471,0.41321695,0.08712259,0.0030788481,0.060593247,0.99621344,0.96190965,0.1748932,0.01295653,0.07519764,0.0036923587,0.9999951,0.98681563,0.9978217
0.9977286,0.82874954,0.9996726,0.998559,0.99888474,0.99992216,0.9973364,0.9987701,0.9955079,0.99930346,0.99993014,0.83653593,0.36779296,0.987268,0.99243283,0.99824077,0.9834784,0.99778026,0.99999994,0.9986322,0.99930096,0.9860778,0.9992878,0.9710417,0.96241075,0.99793184,0.9636606,0.024487495,0.99965787,0.9929483,0.9914266,0.9995786,0.9999837,0.9799259,0.9966436,0.9999912,0.99960506,0.9987476,0.9959942,0.994918,0.9996326,0.9943252,0.99992955,0.9987668,0.9998873,0.9995104,0.9996307,0.9999683,0.99999064,0.9999794,0.9966327,0.062984645,0.14648706,0.96052706,0.9904925,0.97981524,0.99397206,0.9878119,0.9786675,0.9628774,0.015985668,0.032120258,0.9756149,0.99995995
0.98546445,0.9974209,0.5808524,1.0,0.99795365,0.9982863,0.99975514,0.995988,0.23550561,0.0027679503,0.011565447,0.007380098,0.0181984,0.0053674877,7.459521e-05,0.008065313,0.98423743,0.9996827,0.998629,0.9999988,0.9996263,0.9990684,0.9962402,0.9992011,0.997144,0.98858154,0.998782,0.9995034,0.99201,0.99929786,0.9554608,0.9940312,0.96990526,0.999835,0.99818724,0.98682386,0.9997511,0.99950606,0.9995743,0.99609935,0.923359,0.99961543,0.9996009,0.9995695,0.99977064,0.9818367,0.99999815,0.99640936,0.9996356,0.99845636,0.035605073,0.07173017,0.97533774,0.98834026,0.9981582,0.9989228,0.9858539,0.9999705,0.99800646,0.99864626,0.99700034,0.0020035207,0.0027861893,0.9998811
0.99847674,0.99439436,0.999789,0.99993694,0.99960995,0.99914515,0.43682954,0.0008228123,0.0011885166,0.006499082,0.41375765,0.99548143,0.9985688,0.91191036,0.43793383,0.00090253353,0.0051644146,0.06078142,0.99500895,0.9999346,0.9954606,0.9661867,0.9931549,0.9990511,0.99912274,0.97825646,0.999894,0.99941695,0.9995806,0.99769294,0.93252754,0.9994737,0.9517684,0.99545157,0.99910045,0.9999133,0.9986737,0.70732117,0.99754643,0.988073,0.9809494,0.98948896,0.98480594,0.9818646,0.9990943,0.98496664,0.9788995,0.98581076,0.99965054,0.6154679,0.025435328,0.11497629,0.97863436,0.99658215,0.99447596,0.999412,0.99679834,0.9968389,0.997836,0.98653674,0.98211133,0.20295233,0.16083908,0.9963099
0.88037586,0.9582981,0.99958247,0.99770004,0.99956965,0.06076643,0.033418298,0.018560678,0.9962042,0.99959207,0.9992176,0.99557275,0.9672234,0.9952002,0.9945564,0.9996406,4.0233135e-05,0.0050497055,0.99800164,0.9950008,0.99996006,0.9455874,0.9465184,0.98687327,0.91917634,0.99888194,0.9898827,0.94874144,0.99843514,0.9991074,0.99677473,0.9988731,0.9999315,0.99717593,0.99949384,0.9969107,0.9997369,0.9992622,0.9999449,0.9969193,0.9999801,0.9332119,0.9997073,0.9985335,0.44282022,0.99877524,0.9998851,0.99815685,0.9975065,0.2680589,0.009705186,0.99983037,0.9992218,0.99891853,0.99892306,0.999655,0.99990016,0.45258912,0.9974795,0.99965274,0.9919607,0.99998903,0.018586278,0.9767031
0.9871348,0.99984455,0.996984,0.99994385,0.9424385,0.0011897087,0.0009383559,0.99970686,0.99470353,0.9999487,0.82741195,0.995203,0.99972177,0.999802,0.9974414,0.99846077,0.98973346,0.09575787,0.81119025,0.9889546,0.99999946,0.99966455,0.9995769,0.9997551,0.97930634,0.9895098,0.99998724,0.99929416,0.8685678,0.99791646,0.99924433,0.99993163,0.9997941,0.99982786,0.9971702,0.98656905,0.9999749,0.9984373,0.9943577,0.99875593,0.9999932,0.9996473,0.9943021,0.99997437,0.999609,0.9845522,0.9971589,0.9783572,0.9992162,0.024883091,0.027432859,0.9999933,0.9987991,0.9998481,0.9999491,0.9967679,0.99994636,0.99983144,0.98670876,0.99754846,0.9999161,0.9950146,0.0052966177,0.49754557
0.995566,0.9086916,0.9618618,0.999429,0.007896304,0.00042754412,0.9927335,0.97492194,0.99979305,0.9866066,0.9853747,0.99094045,0.9927696,0.9997535,0.99870867,0.99439114,0.9996017,0.056484044,0.00690639,0.9936238,0.9999846,0.9999515,0.98665357,0.99845755,0.9980175,0.8601451,0.9997693,0.9992504,0.9688095,0.9773441,0.9622894,0.96003276,0.9969356,0.99998534,0.9972354,0.9871315,0.9999366,0.9999402,0.9861616,0.97505236,0.9900972,0.9998627,0.99990225,0.99566865,0.9989898,0.9754187,0.95862335,0.99977523,0.9981878,0.016372204,0.01551488,0.9956148,0.9965776,0.9999263,0.9997506,0.99993265,0.9994526,0.999725,0.9962709,0.997556,0.9994551,0.9999362,0.08240008,0.13753903
0.99731815,0.9320028,0.99888045,0.10873592,0.08603135,0.9999913,0.99923027,0.38178504,0.9876574,0.8145919,0.9406271,0.9980023,0.99810433,0.84011513,0.9919013,0.9922439,0.9609605,0.9971924,0.0073485076,0.0030381382,0.9999759,0.9950112,0.9985949,0.9929577,0.6842898,0.99756,0.9999702,0.99985504,0.9269115,0.33792996,0.054960728,0.04423207,0.03886187,0.02175185,0.17441744,0.45549297,0.018503428,0.24145126,0.07757497,0.01432097,0.26839057,0.9827539,0.97343636,0.9995063,0.9869591,0.99999994,0.9986639,0.9821433,0.9998184,0.12226099,0.33162618,0.99986863,0.9998713,0.9961171,0.99963766,0.9992163,0.9997847,0.9999113,0.9999699,0.99994653,0.99257684,0.99225795,0.019906372,0.10136762
0.9796858,0.98785114,0.99541223,0.004762262,0.008577347,0.96242857,0.99881124,0.99969554,0.9996173,0.9600997,0.97285146,0.9751818,0.99992025,0.9996619,0.99949783,0.9999398,0.9999088,0.9499706,0.14579743,0.010148793,0.99819565,0.9998986,0.99949837,0.99278766,0.97841245,0.9986725,0.76143193,0.008720458,0.00458616,0.015339375,0.007953197,0.010364145,0.5219259,0.6970059,0.31424594,0.46014374,0.20119518,0.057618678,0.43720424,0.04969728,0.016676843,0.024842381,0.45035428,0.99998784,0.99950635,0.9701297,0.98334986,0.9903799,0.9990357,0.7600208,0.38757753,0.99974644,0.9990874,0.9932455,0.9925639,0.9938328,0.98352754,0.9948491,0.9944356,0.9996363,0.98364913,0.9828253,0.48633415,0.0024918318
0.99854124,0.99968153,0.99912053,0.0066732764,0.012290388,0.96982,0.98504156,0.9999914,0.9991733,0.986333,0.99826825,0.9999728,0.99974334,0.9870399,0.9997424,0.9997121,0.99927974,0.99932736,0.9872055,0.9210346,0.9428464,0.9914117,0.99913526,0.272193,0.017602324,0.1329233,0.0067481995,0.02133283,0.16539755,0.35432202,0.9999137,0.98953867,0.9844246,0.9834976,0.99808717,0.98111343,0.99473965,0.9995078,0.9983963,0.9941019,0.99570215,0.0680241,0.9880196,0.040243745,0.9976647,0.70465386,0.9931349,0.9965689,0.8717839,0.010908365,0.99899244,0.9986019,0.99997604,0.9878978,0.16582009,0.99756247,0.99930525,0.9995047,0.9998916,0.9998824,0.9973308,0.97920996,0.99803746,0.054894477
0.9997959,0.98317724,0.6502659,0.07044491,0.60440457,0.9877969,0.98080665,0.99924827,0.9999759,0.9984652,0.97569996,0.9923668,0.99973917,0.9933678,0.99861634,0.99689806,0.99927413,0.99974835,0.999985,0.6852697,0.025615275,0.08130294,0.0042845607,0.020308256,0.01737231,0.7989522,0.98520863,0.9597582,0.97330993,0.9885143,0.9848236,0.9980581,0.9995248,0.9961102,0.9946599,0.99973035,0.9999224,0.9921846,0.9974357,0.99985754,0.9917598,0.99994266,0.99863863,0.91225934,0.050373495,0.005999714,0.011410743,0.7872028,0.9503269,0.49788663,0.948418,0.999575,0.9986739,0.9940752,0.99971616,0.99854517,0.96983564,0.97179985,0.9971446,0.9909269,0.9995669,0.9749255,0.9996977,0.0074699223
0.9990529,0.9918922,0.53568226,0.0161179,0.9789548,0.99963206,0.9871434,0.996963,0.9854469,0.98671967,0.97985846,0.98981726,0.99932796,0.99770844,0.9910575,0.9288667,0.53861606,0.9256526,1.4543533e-05,0.023845136,0.833161,0.85599744,0.6889679,0.9789812,0.9998167,0.99985754,0.9743065,0.98531187,0.9992838,0.99627477,0.99417996,0.9993193,0.9917086,0.99912095,0.99959743,0.97384334,0.9964466,0.9957753,0.99739003,0.981717,0.9796155,0.99948955,0.995921,0.99464107,0.998977,0.9540354,0.15139437,0.023432821,0.00074905157,0.0013871789,0.99993855,0.99815094,0.9999827,0.99973714,0.99976194,0.9992613,0.9996618,0.9939587,0.999897,0.97036564,0.99982476,0.99913585,0.8998602,0.012445301
0.98107004,0.9772626,0.23477858,0.011716485,0.8937093,0.9901048,0.9891931,0.9969168,0.9973221,0.9953399,0.9996221,0.999701,0.9958887,0.9974615,0.3730163,0.0013577938,0.00859195,0.036335975,0.022168458,0.35040602,0.9983028,0.99919856,0.9957814,0.98670995,0.9509573,0.9942968,0.9703482,0.9620129,0.99339795,0.96386087,0.99922407,0.9974228,0.99060607,0.999666,0.9998859,0.9995693,0.96601206,0.99619186,0.99954987,0.9891353,0.9635235,0.97479475,0.97917825,0.9991511,0.99962014,0.99984974,0.9999786,0.9536639,0.012043625,0.2511365,0.99965703,0.99996567,0.9973742,0.9996961,0.9999805,0.999935,0.9999807,0.99989593,0.9994832,0.9999665,0.9999485,0.3129015,0.18633682,0.009418547
0.9980604,0.98117995,0.78056514,0.005343795,0.9912933,0.9977664,0.99651957,0.99799347,0.99758255,0.89910877,0.9816053,0.99773073,0.5491712,0.05030197,0.03756845,0.03930345,0.38103724,0.98659956,0.9911666,0.9972588,0.9999975,0.99986976,0.15427798,0.97394514,0.98166597,0.99340284,0.9922513,0.9607347,0.99844694,0.99967855,0.99739766,0.9731103,0.97764134,0.9541751,0.9999139,0.99921334,0.9924523,0.9997683,0.99881375,0.9999571,0.9988539,0.997771,0.9709357,0.9984746,0.99572575,0.9746137,0.9996812,0.97793365,0.99874157,0.12539437,0.99548984,0.9990355,0.9999641,0.99715924,0.9966264,0.9979384,0.9981096,0.9973639,0.99979484,0.9995816,0.04502827,0.015420586,0.003900081,0.9305247
0.94120115,0.99658453,0.7173646,0.0022971034,0.84213954,0.99795175,0.9999948,0.99407613,0.998707,0.99490535,0.8310307,0.95924103,0.0019565225,1.3113022e-06,0.54282725,0.9983138,0.99998784,0.99769574,0.8325707,0.99997365,0.93156886,0.9998227,0.9998317,0.97970545,0.99882567,0.9818773,0.9953242,0.9903087,0.9990727,0.9999819,0.9669771,0.98267066,0.9959481,0.99870694,0.9991855,0.9963956,0.99219453,0.9996857,0.99896127,0.9987178,0.99829006,0.68934226,0.98510796,0.9662442,0.9762386,0.9982668,0.9876747,0.99959767,0.99736345,0.23139673,0.017339349,0.022159278,0.999966,0.99974275,0.99987614,0.9977404,0.9876261,0.9960175,0.033599347,0.025798261,0.007270694,0.5248282,0.9999505,0.99170935
0.9441656,0.991096,0.99107635,0.024969906,0.007988185,0.9989288,0.9922886,0.99850106,0.9705976,0.9945821,0.60634303,0.1166116,0.22998255,0.99979395,0.99994564,0.99281526,0.9997536,0.9729947,0.99930847,0.99705195,0.9970927,0.99930537,0.99897987,0.9998672,0.9999901,0.99869967,0.99333215,0.98910797,0.99732095,0.996429,0.9933259,0.9923018,0.988003,0.9794533,0.99565667,0.77562433,0.9998697,0.9942296,0.9991491,0.9944434,0.9992562,0.9990562,0.9986888,0.9775805,0.94206834,0.9449266,0.9813588,0.99998355,0.99866116,0.8305332,0.5121187,0.5126565,0.05417016,0.052385807,0.9993535,0.58142465,0.9690746,0.049276322,0.16360185,0.89455247,0.9996073,0.98404706,0.99923956,0.99774855
0.9970943,0.9726194,0.9994525,0.42459148,0.0043800473,0.051231176,0.9636743,0.9816172,0.9995011,0.004087627,0.26939285,0.9987668,0.9945519,0.9987589,0.99999714,0.99595517,0.98490185,0.9942246,0.99628246,0.3977135,0.94205344,0.9896471,0.96140397,0.9922006,0.9999622,0.97699237,0.99761325,0.99955046,0.9999976,0.9987141,0.9830133,0.9973345,0.9897094,0.9718941,0.98895943,0.9931563,0.99788797,0.9999261,0.7184693,0.99920034,0.9997268,0.99492455,0.9923978,0.9926783,0.97659767,0.9920248,0.70077515,0.9993583,0.9999745,0.9994399,0.9994981,0.014385968,0.16787612,0.13997513,0.28760076,0.3093516,0.14057341,0.070432395,0.99618363,0.9999514,0.99982643,0.98506176,0.92483056,0.9974984
0.9767909,0.9989445,0.996856,0.973637,6.4998865e-05,0.042945206,0.57358146,0.99405533,0.025618047,0.39409155,0.99993956,0.9997479,0.9961544,0.99904597,0.9537749,0.9961292,0.9986856,0.9978717,0.99784064,0.5192606,0.35269025,0.59335244,0.9996681,0.99983567,0.9913585,0.98913777,0.960047,0.9999027,0.9678905,0.9034935,0.999954,0.98692715,0.9676349,0.9943199,0.9999874,0.9982736,0.9996588,0.96939516,0.9986677,0.99884236,0.9995108,0.9987697,0.99986464,0.976543,0.98728955,0.9862714,0.99936295,0.9844497,0.9684614,0.9850793,0.9412501,0.99997056,0.99943984,0.9928001,0.12867785,0.9567969,0.5906558,0.9509442,0.9991868,0.94571984,0.99897814,0.9439283,0.9753617,0.99992836
0.9903825,0.9743117,0.99093366,0.99976563,0.9996338,0.040521592,0.0053458214,0.004678577,0.13246045,0.9947568,0.9999169,0.9995378,0.9995613,0.9915277,0.9965297,0.9967555,0.9981997,0.9988662,0.9912021,0.96074224,0.1429491,0.068546206,0.99492335,0.97773194,0.997327,0.99227643,0.9880794,0.99094784,0.9997784,0.99627066,0.988714,0.99761343,0.99922955,0.9933925,0.99490273,0.9999728,0.6265636,0.9963326,0.99841595,0.99889433,0.99736476,0.9966427,0.9860941,0.98860013,0.961416,0.9936216,0.99451685,0.9753172,0.9999493,0.97671425,0.99890673,0.9993962,0.9949861,0.9969255,0.99982965,0.99497354,0.01102069,0.8470608,0.117996186,0.050886124,0.9962541,0.9988769,0.997479,0.99813724
0.997679,0.9843256,0.99980134,0.99879754,0.9927977,0.96970844,0.9876758,0.03414461,0.99391806,0.9992454,0.99899566,0.99951386,0.99242115,0.999079,0.9518789,0.9993557,0.9952816,0.99590695,0.984912,0.9939697,0.99998975,0.9999461,0.9999049,0.99776125,0.99927884,0.99689996,0.9946077,0.9742682,0.99970627,0.99979794,0.99262834,0.97536796,0.99494874,0.9943559,0.86461014,0.99623954,0.9994962,0.8350183,0.99985766,0.99989784,0.99371415,0.12585211,0.5781647,0.97822714,0.9541851,0.9411224,0.99887687,0.9952754,0.9999263,0.9999476,0.85928446,0.9999666,0.99966747,0.999401,0.9691905,0.9996525,0.9995825,0.98462707,0.19719306,0.027248144,0.028609514,0.9961028,0.99999535,0.9938962
0.9949806,0.99602497,0.008961469,0.015593231,0.9997194,0.95664096,0.9950206,0.95141804,0.99862885,0.9968367,0.9859998,0.99969023,0.9995241,0.99866325,0.98475003,0.99391806,0.99785477,0.9983649,0.997923,0.9893188,0.99226594,0.9966142,0.99995637,0.90989155,0.99134207,0.99894214,0.9929351,0.98486745,0.999449,0.9999105,0.97137797,0.99980175,0.9721078,0.9993348,0.9988116,0.9999142,0.99983317,0.9857607,0.9999917,0.99976516,0.989885,0.0045613945,0.04126641,0.9998722,0.9978242,0.999598,0.996048,0.99842286,0.9998033,0.9999547,0.9998964,0.96053714,0.99233884,0.99992675,0.9997885,0.9998981,0.9999827,0.9946076,0.997993,0.15489632,0.19298515,0.9999156,0.9989974,0.9999767
0.69124174,0.1727426,0.08215305,0.04603675,0.9975271,0.9980625,0.9934773,0.74849415,0.9767922,0.99496305,0.9912142,0.9988419,0.99995655,0.9984282,0.9731679,0.99908745,0.9716383,0.98847413,0.9869604,0.8002466,0.98449534,0.96550804,0.99998915,0.9972973,0.99420106,0.9891587,0.9954048,0.9646519,0.99997246,0.66693234,0.99620104,0.999611,0.99958616,0.9969716,0.9971553,0.999674,0.9985441,0.9997466,0.9981464,0.999187,0.9656576,0.52980274,0.9977671,0.94396186,0.9835403,0.9178227,0.9858134,0.9469134,0.99994826,0.9998009,0.9997994,0.99931633,0.9999386,0.99981725,0.9993501,0.723236,0.995602,0.99798703,0.9984884,0.9844341,0.07131845,0.022053897,0.9999851,0.99622375
0.040468544,0.03596604,0.9996209,0.9998119,0.9952408,0.9974687,0.9959423,0.99837655,0.9987976,0.9984335,0.9980527,0.9947045,0.8235638,0.998965,0.974234,0.93567014,0.9319428,0.9967377,0.9957973,0.6012284,0.99979806,0.99724877,1.0,0.9970124,0.9974644,0.9995957,0.98391247,0.999075,0.9483431,0.97257435,0.93494886,0.9880554,0.9936676,0.993207,0.99714917,0.9856103,0.97524977,0.94391906,0.88276243,0.9593822,0.9987178,0.99982893,0.9991591,0.9935168,0.99891627,0.99553776,0.8335251,0.99840087,0.9998939,0.9991161,0.99864054,0.99533343,0.9877242,0.94409317,0.99764454,0.9948373,0.995139,0.9926554,0.98964244,0.9984209,0.97380024,0.3715573,0.70058626,0.9998297
0.018048018,0.91558564,0.9998306,0.9998832,0.9189019,0.9954072,0.98943514,0.99980366,0.9798486,0.97676015,0.98632306,0.99594927,0.9995607,0.99853027,0.9977814,0.9653814,0.999218,0.99919784,0.9996884,0.9996109,0.9994105,0.98392,0.99983966,0.9865714,0.9941286,0.9966959,0.81690747,0.26281357,0.998742,0.9999531,0.99803156,0.99106324,0.99861056,0.99998,0.9988088,0.9998231,0.9990324,0.993866,0.9786216,0.9996139,0.99994075,0.99913955,0.9999453,0.9970008,0.9689995,0.97684705,0.9942633,0.6908057,0.9976654,0.9999503,0.99833,0.99763155,0.9857997,0.99884117,0.971756,0.9984876,0.99745417,0.9844452,0.98725027,0.9995792,0.9897992,0.012946844,0.8853524,0.99880755
0.17382434,0.9637506,0.98895955,0.94923484,0.9989493,0.99999905,0.98478305,0.9998364,0.999641,0.9999378,0.9926609,0.9977802,0.99985707,0.99269474,0.9986801,0.9727725,0.9918184,0.99568474,0.9339591,0.9853596,0.98625803,0.9999932,0.97497994,0.8290874,0.9969963,0.9950911,0.9992485,0.9914155,0.95694,0.9995691,0.9947748,0.99900955,0.9997897,0.9999671,0.9969479,0.9999242,0.9858246,0.9998403,0.9920428,0.94573414,0.92654896,0.9948101,0.9968647,0.9982859,0.9987464,0.99357706,0.9948621,0.99328053,0.9975879,0.99578977,0.9983736,0.9867983,0.98524815,0.99967444,0.8962579,0.9828694,0.98616135,0.98620355,0.9999839,0.99987894,0.9991939,0.06998679,0.8111097,0.9999186
0.05623752,0.7217727,0.9915844,0.99978983,0.998268,0.9999999,0.98746943,0.9999665,0.9999742,0.99961853,0.9641376,0.99947786,0.9971052,0.61621356,0.98239136,0.9992257,0.999915,0.99987924,0.99866116,0.9958344,0.9315264,0.91251177,0.9999987,0.9428785,0.9990158,0.97457695,0.886625,0.99876785,0.9998038,0.9279324,0.99942565,0.9970846,0.9096322,0.995268,0.99681807,0.9903537,0.97300285,0.9918327,0.9998779,0.99572456,0.8434632,0.99605894,0.9878563,0.9829917,0.97854674,0.9598942,0.9947995,0.9938694,0.9999497,0.9988496,0.81777984,0.9960481,0.11838871,0.999912,0.9910225,0.99919415,0.9989495,0.96151745,0.9956746,0.99912834,0.98386693,0.25526798,0.32954898,0.99996805
0.64165974,0.14026892,0.9965858,0.99896634,0.9990692,0.99999994,0.949753,0.99854684,0.9972966,0.98929405,0.99919116,0.9973997,0.9999774,0.9995313,0.99773633,0.9987564,0.9997806,0.9998697,0.99654996,0.997773,0.9996695,0.9768293,0.99999917,0.9977989,0.99988323,0.9996516,0.9847996,0.99989855,0.9986496,0.99352956,0.97897,0.99363214,0.9353489,0.9482015,0.9756183,0.99807143,0.9651291,0.99514294,0.99961436,0.99954605,0.9985728,0.9863689,0.99994606,0.9900808,0.98490095,0.99979097,0.9985585,0.9953158,0.9963392,0.998828,0.22862211,0.98479354,0.999982,0.99206996,0.999665,0.9953563,0.99841654,0.99944043,0.9877546,0.99996674,0.999447,0.80084205,0.09611964,0.9996145
0.510274,0.08351052,0.9976585,0.99917275,0.99966156,0.9999962,0.99833226,0.9599614,0.9987726,0.9993652,0.9997856,0.99131906,0.99606675,0.9913598,0.996226,0.9845642,0.9744953,0.99973834,0.99776995,0.39039633,0.9993483,0.96561384,0.9999927,0.8112515,0.99998033,0.9996022,0.99079704,0.9992603,0.99297786,0.9992503,0.8572008,0.85237724,0.9918047,0.9944623,0.98898876,0.963047,0.9773847,0.9997189,0.9998989,0.98199296,0.9999796,0.9934766,0.9937011,0.9992914,0.9956198,0.99969506,0.99985397,0.9999012,0.9981204,0.9998182,0.9946968,0.99892485,0.99867773,0.9699621,0.99840045,0.88583016,0.99989283,0.9962801,0.9983729,0.99920106,0.99186254,0.1751261,0.14871556,0.99855745
0.02522093,0.080394745,0.9925791,0.9891887,0.9997632,0.9998339,0.9428054,0.999902,0.98895234,0.99792117,0.9995486,0.99365836,0.998513,0.99940145,0.9927083,0.9965576,0.99992424,0.99636316,0.99904096,0.9936372,0.99818563,0.98973703,0.9999993,0.99866176,0.9999913,0.9993895,0.9999787,0.99571896,0.92804086,0.99993163,0.9961222,0.9996917,0.9999766,0.98259723,0.9997407,0.9946821,0.9996203,0.9637184,0.9977288,0.99640226,0.9946961,0.99989235,0.97744685,0.9805764,0.9991925,0.9985273,0.9997374,0.9959562,0.99939865,0.99281466,0.9997676,0.99407804,0.97824866,0.9999167,0.9958781,0.99949634,0.9919404,0.99901277,0.99287,0.7722406,0.99953276,0.15163922,0.0375503,0.99988747
0.0040958226,0.15101445,0.008863032,0.99988663,0.9855132,0.99518156,0.9999976,0.9984304,0.99992025,0.99990624,0.6223817,0.9987,0.99799633,0.99284995,0.99505764,0.9983549,0.9996792,0.9991017,0.999994,0.9998884,0.9982338,0.999743,0.9934715,0.97995245,0.995656,0.99696493,0.99905527,0.99930644,0.99806887,0.99973226,0.99987674,0.99933255,0.9970988,0.9996482,0.99899757,0.9934814,0.9868863,0.9941769,0.9240166,0.9984553,0.99495506,0.999349,0.99917436,0.9969821,0.9997573,0.99126154,0.994177,0.9998947,0.99196804,0.98804355,0.9599796,0.99990654,0.9993783,0.9991677,0.045331925,0.99993974,0.9989177,0.99982154,0.9735737,0.7810108,0.99993014,0.75485235,0.6513871,0.99990785
0.9997935,0.20970348,0.63690186,0.89358884,0.9992616,0.9902681,0.9998041,0.9975374,0.9989673,0.99958014,0.9996526,0.9997078,0.9991412,0.9999154,0.86180645,0.99976695,0.9996886,0.9975116,0.9992798,0.9995276,0.99559426,0.9429108,0.9999891,0.98570883,0.99999845,0.99919486,0.947057,0.9998374,0.9907881,0.99989945,0.9991058,0.98774964,0.9975004,0.9955466,0.9999139,0.99181306,0.99998176,0.99844813,0.9981438,0.9999922,0.99972224,0.9999477,0.9998325,0.99738127,0.9998647,0.991565,0.98778963,0.9999821,0.989936,0.99972665,0.98230344,0.99862516,0.99990565,0.98666906,0.9998512,0.9987132,0.9992651,0.99352723,0.99968475,0.98532635,0.9996379,0.88877577,0.84863836,0.99993753
0.9989821,0.8427602,0.025433213,0.01143685,0.9718098,0.9995377,0.99986386,0.9991455,0.9998467,0.9996051,0.99971515,0.99808335,0.9999391,0.99959487,0.9999646,0.99998975,0.99994725,0.98306966,0.9920203,0.9819926,0.9993317,0.9997868,0.99891466,0.9948511,0.99909854,0.9992826,0.13859814,0.99989855,0.99973685,0.999967,0.99989456,0.9995401,0.9998052,0.9985626,0.9982734,0.99971986,0.99706817,0.99989724,0.998922,0.9993896,0.997043,0.9981903,0.9997719,0.9978589,0.99478513,0.999932,0.9967602,0.9997536,0.9993107,0.98728895,0.9909431,0.9996662,0.99987686,0.9989118,0.999992,0.9972993,0.99980277,0.9994233,0.9982654,0.9953334,0.46700758,0.06582323,0.9997809,0.99961555
0.9944567,0.99714863,0.109764814,0.01729098,0.050941437,0.9990207,0.9984484,0.9997864,0.9988792,0.98213196,0.9997207,0.48384818,0.9994086,0.9997264,0.9999778,0.9988887,0.99967706,0.99934757,0.99986255,0.9999212,0.99501705,0.9997157,0.9999708,0.98966646,0.9985719,0.9592304,0.9994623,0.9997684,0.999171,0.99958634,0.9885826,0.9873805,0.9988378,0.99962854,0.99904275,0.97841704,0.9667325,0.9995864,0.9994545,0.99973214,0.9946126,0.99965143,0.99991703,0.9996749,0.99972296,0.99793386,0.99985456,0.999483,0.9998099,0.99997437,0.93031275,0.9988769,0.99961454,0.9959533,0.9970356,0.9999553,0.9996284,0.9998079,0.99997795,0.65791583,0.07331133,0.08801252,0.9961468,0.98421055
0.9953516,0.9667106,0.9957354,0.76345783,0.017963111,0.20402032,0.9928175,0.9963535,0.99951994,0.9999105,0.9977654,0.99912024,0.99992955,0.9984213,0.9992628,0.99925524,0.99596024,0.999371,0.9999634,0.9956503,0.99127996,0.98312455,0.9999982,0.99369353,0.9943458,0.99982715,0.9990031,0.9999685,0.99569786,0.999296,0.99956644,0.9328653,0.9942367,0.99515635,0.99999726,0.94976795,0.9870138,0.99999434,0.9962411,0.9992186,0.99811566,0.998664,0.9910096,0.99426407,0.99998933,0.9673665,0.99970543,0.99971867,0.9999417,0.9798689,0.9986871,0.9962113,0.9992441,0.9972398,0.9989914,0.9999579,0.9995105,0.9999608,0.99979866,0.99983966,0.0053596497,0.77528906,0.9926386,0.9967513
0.9649615,0.75843847,0.9972776,0.97062266,0.62463146,0.21161696,0.8350246,0.9972999,0.99883306,0.9982953,0.994998,0.9924481,0.98962927,0.99920166,0.99956155,0.9907812,0.9933896,0.99804866,0.9938439,0.99140584,0.99852395,0.9992573,0.9999908,0.999878,0.9781691,0.99752676,0.9960375,0.9991375,0.9988831,0.9999634,0.9998549,0.9786929,0.9999051,0.9958434,0.97945535,0.9998885,0.74717784,0.99972224,0.99970025,0.9995143,0.99994314,0.9999,0.99609816,0.99992156,0.99978995,0.9997095,0.9995007,0.9898928,0.9996601,0.9992318,0.99986374,0.99968445,0.99951816,0.999886,0.99952626,0.9999697,0.99999666,0.9999913,0.9996383,0.032195,0.002003044,0.99508524,0.9997282,0.99570346
0.9910122,0.9694023,0.87388813,0.9972091,0.9999105,0.010520369,0.10494274,0.31221592,0.9991493,0.998816,0.9756157,0.9999178,0.9982413,0.90560406,0.993519,0.9945035,0.9924074,0.9990632,0.99980915,0.99558854,0.99535674,0.997625,0.99999446,0.99984705,0.9988375,0.96134245,0.9972651,0.9998181,0.9995235,0.999469,0.97694105,0.9990428,0.99358547,0.9963196,0.9979238,0.9987153,0.9832324,0.99530625,0.9997344,0.9998845,0.9999496,0.9992217,0.9993979,0.9999012,0.9996567,0.9996164,0.9980556,0.999629,0.99983084,0.999233,0.99850583,0.999192,0.99974716,0.999519,0.99988604,0.5254976,0.9999952,0.99936163,0.3988074,0.3223104,0.960237,0.9979733,0.9730185,0.75725126
0.9903813,0.962145,0.990059,0.9771987,0.98803926,0.96959823,0.096254915,0.11273256,0.04488784,0.99177957,0.99591935,0.934675,0.99984187,0.6610099,0.9979433,0.9976664,0.9972187,0.9999506,0.98208797,0.9999957,0.9994788,0.9998913,0.99999994,0.99999875,0.999619,0.9988872,0.99859774,0.9270195,0.9928615,0.9991375,0.9996306,0.9213972,0.99890333,0.9920273,0.98593074,0.999542,0.9255749,0.99570465,0.99188113,0.99807405,0.99918234,0.9812371,0.9964143,0.9996928,0.9996698,0.99985296,0.9930725,0.87698305,0.77466196,0.98835593,0.9983591,0.99985725,0.9998727,0.99961436,0.99948156,0.9998721,0.99957395,0.93675506,0.031476676,0.10778138,0.99722713,0.9995457,0.99987555,0.9996927
0.9889792,0.94444454,0.9822991,0.9999695,0.9999261,0.99995935,0.9999988,0.4643988,0.008638501,0.01971069,0.011466622,0.99603,0.9857999,0.99994075,0.9999931,0.99990904,0.99997896,0.9994543,0.999843,0.99982154,0.9998981,0.9973239,0.9999993,0.99982554,0.97970045,0.99930286,0.9931073,0.99991,0.99950916,0.9841573,0.9999908,0.9999832,0.99422145,0.9994638,0.9969979,0.9975902,0.9833032,0.99982023,0.9877862,0.9967463,0.98538864,0.99981993,0.99597013,0.9979712,0.9997684,0.9993204,0.9997054,0.9924059,0.9949844,0.99955326,0.9983703,0.99923384,0.99974066,0.9998493,0.99996024,0.9998728,0.31714064,0.91994905,0.42000994,0.9995808,0.9959139,0.9999513,0.9998436,0.9977279
0.99974406,0.9958513,0.9991523,0.9998556,0.99321586,0.73226786,0.9999985,0.99122006,0.999717,0.018633366,0.87707317,0.003979504,0.9992445,0.99781495,0.99882984,0.9896553,0.99981314,0.99909985,0.997367,0.9989735,0.9992415,0.98482764,0.99999785,0.9670658,0.99968195,0.99994296,0.97770405,0.97052634,0.9998492,0.9888896,0.9993086,0.98830473,0.99995923,0.995345,0.6890706,0.9816078,0.98650014,0.9999645,0.9960514,0.997838,0.99708426,0.9999759,0.99992776,0.99547553,0.9999634,0.99917424,0.98559606,0.99949586,0.97735226,0.9998294,0.99788177,0.9990612,0.9999764,0.99976915,0.99863493,0.8822959,0.009831399,0.06676912,0.9982423,0.99987674,0.93142056,0.99811214,0.9990805,0.9925778
0.99960065,0.96281254,0.99892306,0.9998691,0.9991516,0.9948743,0.99997896,0.8945264,0.99999535,0.99994135,0.7255858,0.18787485,0.2603795,0.015292078,0.7164546,0.11889458,0.99761057,0.9996842,0.9734679,0.99991274,0.99996305,0.99994457,0.9999637,0.9999405,0.9979217,0.9969672,0.9996353,0.99563473,0.99985564,0.999405,0.9977701,0.99759257,0.9451388,0.99934727,0.9976507,0.99977326,0.9919641,0.99987155,0.99994415,0.9997443,0.9990611,0.9998857,0.9998208,0.9994992,0.9999666,0.9982729,0.99997616,0.9537079,0.99819183,0.99991024,0.33407503,0.99667835,0.9999442,0.33940753,0.007959515,0.0032604337,0.9573839,0.9998454,0.99996907,0.9996185,0.9975873,0.99874353,0.9987171,0.9989346
0.9320341,0.99888295,0.97851175,0.99998355,0.9997679,0.99910593,0.9999846,0.9969395,0.998654,0.9999724,0.99967706,0.99467385,0.19578654,0.23046774,0.019275665,0.009530783,0.008423388,0.02836886,0.5718924,0.9572828,0.9430672,0.98541415,0.9880187,0.99527806,0.99631524,0.9980136,0.999944,0.9994769,0.9989474,0.9999348,0.9991399,0.99146163,0.9999633,0.99972427,0.9977439,0.9999136,0.9985678,0.5830022,0.99994195,0.99958086,0.9712346,0.9998034,0.99984217,0.91754544,0.9998609,0.9978726,0.98547924,0.99494386,0.99642694,0.9987973,0.9146615,0.83912265,0.048602074,0.045641035,0.011201769,0.9999341,0.9999357,0.9997299,0.99770105,0.99952674,0.9996617,0.9999511,0.99999523,0.9742486
0.99999774,0.9999354,0.99967206,0.999972,0.99656594,0.28463867,0.98611724,0.7950897,0.99712116,0.986616,0.99200785,0.9868789,0.9999222,0.99996686,0.9999044,0.42137071,0.0042170286,0.1310708,0.043729663,0.018090785,0.06374204,0.0037863553,0.6152563,0.30963022,0.9987974,0.99997425,0.99875236,0.9998593,0.9998729,0.99840033,0.99995345,0.9977423,0.9983939,0.9944395,0.99670744,0.99780625,0.9885953,0.9975308,0.99802715,0.99685603,0.9993278,0.9998884,0.99520123,0.9999254,0.9997789,0.9943131,0.9936045,0.9980457,0.9999554,0.9396466,0.47089905,0.47086704,0.046732932,0.9747009,0.9999962,0.9985478,0.99987304,0.99948514,0.9996892,0.9998137,0.99960256,0.9790934,0.9999834,0.99890935
0.98925066,0.925665,0.93876636,0.9968059,0.8645529,0.99934745,0.999896,0.9989138,0.97689044,0.98301363,0.99976766,0.9997462,0.99993986,0.9856427,0.99950284,0.99962884,0.61862874,0.9977434,0.968884,0.33490872,0.0631243,0.091508806,0.08565712,0.3167113,0.6145052,0.32069826,0.059124887,0.7400493,0.0824928,0.18415755,0.06938577,0.13233471,0.66081226,0.18240935,0.3736483,0.3572809,0.039028168,0.9670023,0.8057915,0.321566,0.99984854,0.9999422,0.99828297,0.99789083,0.9969617,0.9994595,0.56155545,0.06172061,0.056209743,0.006249815,0.011657655,0.36017087,0.9998852,0.999907,0.99974614,0.9708688,0.9989576,0.99996513,0.99972165,0.99432886,0.99829215,0.9996293,0.9998963,0.99983525
0.9960764,0.9998336,0.96270365,0.9997897,0.998984,0.99939024,0.9985804,0.99441516,0.99996066,0.9991429,0.75079465,0.8611207,0.999754,0.99999464,0.99958843,0.9997823,0.85335386,0.99425864,0.9603792,0.96527016,0.99713844,0.9998727,0.97725165,0.9999732,0.9827447,0.040313184,0.29433542,0.15764785,0.055448472,0.028855026,0.09789327,0.027578413,0.40841532,0.2226027,0.013971299,0.0119660795,0.06324613,0.014085561,0.3358964,0.0057089925,0.018955916,0.027916193,0.006065309,0.001104027,0.81502223,0.13862735,0.8967502,0.13352293,0.02801624,0.9997092,0.9996396,0.9997828,0.98458666,0.9965843,0.9992943,0.99805456,0.99985397,0.9994403,0.9999491,0.9994937,0.95551634,0.99777067,0.96443605,0.99990433
0.99541366,0.9999822,0.9568733,0.9881729,0.99985766,0.9998914,0.9968258,0.9956991,0.9988005,0.9960871,0.9658491,0.9990225,0.99982476,0.9999863,0.99513185,0.9999801,0.97659194,0.9972352,0.9995593,0.9998965,0.99997157,0.9999436,0.9784066,0.9996519,0.99974966,0.88125354,0.99967057,0.9693351,0.99996674,0.13171929,0.99826646,0.99951434,0.9997476,0.99750817,0.99959564,0.9919641,0.99713016,0.9986501,0.99991786,0.17577982,0.0703094,0.8533475,0.50249314,0.88133454,0.019070685,0.7396887,0.99943435,0.99658906,0.9976027,0.0062116385,0.9994805,0.9999802,0.99962914,0.97907114,0.9995654,0.99986494,0.9979165,0.99846303,0.9995758,0.9969442,0.99992144,0.99995166,1.0,0.99580014
0.9980211,0.9967035,0.99483967,0.99885136,0.9999861,0.998917,1.0,0.9990196,0.9911883,0.98644215,0.99953294,0.99990344,0.9880017,0.99918747,0.99627835,0.99961585,0.99688584,0.9980383,0.9979567,0.9972167,0.99443203,0.9952038,0.9484956,0.99991447,0.99968696,0.98142314,0.30505073,0.35373402,0.9988432,0.9939838,0.9822026,0.99998826,0.99993813,0.9999912,0.99912316,0.9958091,0.98928005,0.9943348,0.98061,0.9999316,0.9990317,0.99761975,0.99583226,0.9999262,0.9988996,0.01655069,0.9994705,0.99616253,0.9985018,0.9983565,0.99868274,0.999936,0.9985473,0.99899876,0.9998172,0.99972045,0.99992114,0.9992901,0.99905384,0.9990089,0.99929583,0.9999375,0.9991445,0.99939454
0.98652166,0.72751915,0.9810324,0.9924346,0.998389,0.99924713,0.9997536,0.99999285,0.9952741,0.9989547,0.98784256,0.99966455,0.99074996,0.9946449,0.99884367,0.9964939,0.96422625,0.9280971,0.99944365,0.9932215,0.9998936,0.9999862,0.9965522,0.9999409,0.999894,0.9987134,0.9999552,0.9920267,0.9970721,0.9984715,0.9743412,0.99691045,0.9997783,0.9989735,0.998798,0.9996774,0.9889171,0.9974371,0.42291892,0.99706924,0.9995426,0.9998001,0.97809565,0.99600244,0.9783411,0.9991764,0.9997667,0.99953544,0.99921846,0.99979365,0.99985486,0.99374986,0.9999987,0.9997141,0.9984062,0.99961233,0.9993372,0.9998973,0.9999242,0.9999403,0.99916553,0.99901855,0.99953616,0.9990797
0.99654335,0.9999997,0.9877547,0.9993743,0.99941075,0.9939769,0.9939307,0.9994968,0.94944257,0.9999162,0.99391675,0.98319113,0.9977747,0.99908304,0.9728453,0.9980641,0.5210263,0.9940953,0.9999887,0.9767674,0.999863,0.99959195,0.98047966,0.9997042,0.9999347,0.9997655,0.9988782,0.99611795,0.9997106,0.9990899,0.9991026,0.9981344,0.99124014,0.998842,0.9977078,0.9992324,0.9896982,0.9999143,0.9947542,0.99996936,0.98722196,0.9535631,0.99969643,0.9993266,0.99907523,0.9949362,0.999944,0.99859655,0.9992473,0.99976933,0.9997101,0.9999876,0.9958614,0.9996822,0.7579661,0.9980912,0.99903023,0.99762934,0.98151284,0.9996203,0.9971254,0.99960136,0.99997693,0.99569607
0.9982014,0.99999654,0.97107244,0.99986243,0.99986756,0.99937665,1.0,0.99999523,0.9990593,0.9999275,0.99918306,0.9996964,0.9971622,0.9719275,0.91634864,0.99885786,0.25109953,0.99885625,0.99888206,0.9970882,0.7175988,0.99562454,0.9770484,0.8701081,0.9979677,0.9996199,0.9981453,0.9998107,0.99894476,0.99936193,0.9917251,0.99507487,0.99991286,0.999857,0.99447393,0.99961877,0.9517252,0.9999341,0.9998315,0.9990282,0.987405,0.99831,0.99815255,0.999539,0.9991034,0.9995258,0.9998014,0.9994273,0.9981185,0.9991143,0.9972191,0.99873334,0.9999525,0.9999076,0.99823445,0.99788195,0.99990916,0.9995854,0.9995548,0.9987145,0.99988616,0.9989908,0.99996156,0.9999808
0.98756707,0.99998665,0.9535005,0.9999178,0.99999344,0.022964329,0.9996346,0.99946994,0.9997231,0.96728075,0.99999946,0.99826145,0.9994477,0.99953437,0.9419508,0.9997163,0.99541855,0.9981052,0.9999839,0.99966043,0.99526674,0.9999869,0.999907,0.9994354,0.61706454,0.9997401,0.9976846,0.9994316,0.99804866,0.9999682,0.9999889,0.951262,0.9995581,0.9999436,0.9997975,0.9992814,0.9967888,0.99865884,0.9998281,0.9975823,0.9988954,0.9927412,0.9997945,0.016103208,0.9996307,0.99998903,0.9998282,0.9933785,0.99999404,0.9999131,0.9986023,0.9825007,0.9999759,0.88309455,0.99995255,0.9985219,0.9993962,0.99121785,0.99753,0.99992716,0.999889,0.99998415,0.9888755,0.99982834
0.93187326,0.99999017,0.9988378,0.99989307,0.99316335,0.9890859,0.9999931,0.99993265,0.99934834,0.99989784,0.9999976,0.8509436,0.9860414,0.9974052,0.9988209,0.9966198,0.97082293,0.99999046,0.9999973,0.9914113,0.87437373,0.9999507,0.9999958,0.9999937,0.99992657,0.99993336,0.9982694,0.9937577,0.9997011,0.99174947,0.99844027,0.9982375,0.9996556,0.99448615,0.99825424,0.16995451,0.99193764,0.99983084,0.99651766,0.9868184,0.9991375,0.9899532,0.9986148,0.9994426,0.65871835,0.9992194,0.7546218,0.97779274,0.9966376,0.99993944,0.9996486,0.99760616,0.9725018,0.99998415,0.99633515,0.999795,0.99865806,0.9995159,0.9992745,0.99555814,0.9995205,0.9999795,0.9999849,0.9999747
0.9724364,0.9962774,0.9995887,0.99996877,0.99273837,0.9977198,1.0,0.9998026,0.9995743,0.92783546,0.9999429,0.99523807,0.99994737,0.99470234,0.9989811,0.9985482,0.9948045,0.8502871,0.9719633,0.9962541,0.9999136,0.99959254,0.9997903,0.96721375,0.99997294,0.8855218,0.99989104,0.99993587,0.99914885,0.99960864,0.98961943,0.99880266,0.9999795,0.9950875,0.99978006,0.998678,0.9966183,0.99653983,0.9987093,0.5916064,0.999283,0.99979806,0.9980787,0.99659425,0.9999493,0.9909909,0.99637544,0.99988186,0.9990877,0.99586695,0.99996614,0.99953854,0.99912775,0.9999511,0.9998635,0.99266315,0.99864596,0.99882543,0.99586487,0.99894935,0.9999958,0.99967885,0.9992241,0.99936044
0.97179085,0.9970937,0.999781,0.99986553,0.842165,0.99785566,0.9996419,0.9992845,0.9998723,0.99463105,0.9980077,0.99915344,0.99770725,0.9974555,0.9998072,0.99958,0.97432876,0.99988526,0.9720949,0.93525755,0.9993901,0.946887,0.9999956,0.9999287,0.99991417,0.9929333,0.95766985,0.99969065,0.99614435,0.99996084,0.99876726,0.9995086,0.9999659,0.99996984,0.9995487,0.9901111,0.996408,0.999186,0.9999153,0.99925053,0.99921936,0.99744105,0.99986625,0.9998828,0.9983971,0.9971707,0.99992526,0.9958538,0.99914277,0.99998236,0.9995039,0.9994843,0.9998108,0.99942863,0.98809046,0.9980483,0.9546701,0.9999542,0.9999503,0.9995686,0.99999255,0.99668574,0.9976734,0.9999043
0.99999666,0.9982686,0.99995244,0.9986799,0.9992068,0.99837327,0.9973718,0.9977032,0.99985564,0.9900099,0.9899164,0.9992943,0.9999894,0.9992766,0.9825976,0.99764556,0.99742484,0.9999923,0.98982,0.94504607,0.9998485,0.99967635,0.97360224,0.9981574,0.99987376,0.99951327,0.99969053,0.99996096,0.9999612,0.99826753,0.9972951,0.9905704,0.9999183,0.9994848,0.99755895,0.9926071,0.9977453,0.9988811,0.99965227,0.99995,0.99725264,0.9998621,0.98968434,0.9919207,0.9993439,0.99974906,0.9990032,0.99918985,0.99997973,0.98733187,0.9998956,0.9998878,0.99941766,0.99944913,0.9998951,0.99967766,0.999769,0.99972653,0.99999547,0.9991958,0.9998782,0.9999255,0.999977,0.9993871
0.99999875,0.99482924,0.9546881,0.9987785,0.9997897,0.99998343,0.974069,0.9998852,0.999597,0.98445094,0.9897723,0.99964285,0.9932921,0.9986873,0.99961436,0.9951531,0.9799092,0.8669585,0.98922706,0.9972152,0.99992716,0.9848087,0.9898783,0.9863,0.99812996,0.99972856,0.9990603,0.98436207,0.99870306,0.99205637,0.9988357,0.99906635,0.9990576,0.9855187,0.9995152,0.99885917,0.9607847,0.99873,0.9981686,0.99998224,0.9990057,0.99902767,0.99998164,0.2034187,0.99937737,0.99987483,0.9998348,0.9999579,0.99731135,0.99700004,0.99990594,0.9991582,0.88737226,0.9958652,0.9954772,0.99934745,0.9928386,0.92192775,0.9979669,0.9999179,0.999797,0.99944735,0.9998003,0.99992514
0.9991381,0.9998842,0.99997026,0.9965396,0.98970747,0.9901582,0.9993384,0.97822076,0.9983283,0.9482202,0.9976023,0.99971485,0.9980707,0.99975574,0.9844588,0.9995998,0.9820881,0.99777114,0.98226845,0.9981463,0.9995604,0.99796236,0.99971807,0.94259423,0.99986154,0.9992686,0.9987096,0.99982655,0.99995625,0.99887997,0.98790956,0.99983275,0.99992836,0.96164787,0.99972117,0.998685,0.9993311,0.8167522,0.99842525,0.9999546,0.9999471,0.9840367,0.95677364,0.99991417,0.9999213,0.99739206,0.9981984,0.9999356,0.9999784,0.9998555,0.99996036,0.9995078,0.99996257,0.99889493,0.9990891,0.9994035,0.9994648,0.88034195,0.9992745,0.999591,0.99881375,0.9997355,0.9994639,0.9988726
0.99993205,0.99992645,0.9994842,0.9984698,0.9999431,0.9946891,0.9999999,0.99503684,0.99776894,0.9670601,0.9999921,0.9887117,0.9988688,0.9999962,0.98130023,0.9999597,0.9767299,0.9986917,0.99873346,0.999969,0.9963974,0.99913293,0.99127614,0.9952886,0.9999256,0.99870384,0.9978162,0.9966717,0.9961774,0.99869704,0.99987435,0.98942494,0.9985849,0.99126244,0.9909581,0.9997922,0.9992221,0.99468607,0.99955994,0.99845624,0.99979454,0.9999844,0.99952984,0.9997389,0.9477241,0.99948585,0.9996897,0.99994385,0.9998303,0.99970007,0.99899817,0.9991274,0.99995834,0.99800426,0.99836314,0.9975736,0.99849373,0.99997234,0.99998605,0.9998908,0.9997785,0.9679154,0.9993955,0.99909675
0.9993533,0.98717654,0.9889869,0.99843043,0.9981216,0.9999993,1.0,0.99955744,0.9999537,0.9978055,0.99721897,0.9986068,0.9989239,0.9999787,0.9560844,0.986745,0.9999839,0.99927735,0.9828738,0.9996319,0.99479365,0.99935055,0.9999533,0.9990958,0.9987502,0.997503,0.9997291,0.9995875,0.98185706,0.9967575,0.99858224,0.9990102,0.99927235,0.99844676,0.99962413,0.9993714,0.89246833,0.92791015,0.9987636,0.9985296,0.9981003,0.9998644,0.9868602,0.9960116,0.9966769,0.9985429,0.9983379,0.99907374,0.99983054,0.9999103,0.96396756,0.9997946,0.9911488,0.99929273,0.9988179,0.89811647,0.9998143,0.9999318,0.9998536,0.99862885,0.997055,0.9978373,0.99997365,0.99981475
0.99998116,0.9998815,0.9994951,0.99849874,0.99979067,0.99975616,0.99832106,0.99898577,0.99898136,0.08241722,0.9989784,0.99997485,0.9961437,0.9998677,0.96188915,0.979164,0.99351555,0.9999765,0.95526683,0.99995327,0.99956405,0.9999715,0.99942815,0.9987607,0.99201846,0.99938357,0.99995124,0.92415446,0.9954426,0.92934316,0.99770486,0.9930785,0.9998841,0.9627807,0.9994384,0.9238355,0.9929187,0.9996991,0.9989681,0.99964446,0.9997544,0.9994787,0.9784541,0.9853499,0.9973484,0.97102505,0.9998056,0.9958898,0.9996606,0.9998766,0.91465163,0.9983796,0.9997705,0.99977267,0.99998415,0.9993344,0.99844027,0.99985164,0.9999976,0.99998385,0.99892265,0.12477419,0.99953043,0.98179674
0.99996436,0.99996984,0.99903095,0.9999596,0.99993527,0.99999994,0.99999917,0.98926544,0.99979424,0.9999859,0.99978507,0.9999957,0.99992734,0.9999796,0.9971924,0.99999917,0.9986501,0.99978995,0.984108,0.99999297,0.9993447,0.9955073,0.9999762,0.9947175,0.99908054,0.9964825,0.99942106,0.97234523,0.99956894,0.99456775,0.9981269,0.9882502,0.9767805,0.999279,0.9997529,0.9754424,0.9989871,0.99672407,0.9965538,0.9938983,0.99984866,0.999887,0.98244464,0.99813193,0.99670434,0.99982816,0.9999968,0.9990117,0.9999944,0.99858046,0.99953955,0.9999546,0.9997362,0.9999345,0.9998127,0.99991953,0.99992144,0.67667735,0.99998426,0.99945366,0.99992204,0.37548763,0.99987924,0.9970263
0.9998715,0.99957967,0.9998925,0.97067904,0.9858708,1.0,0.9929873,0.99973696,0.99976206,0.99801767,0.9999125,0.9985913,0.99048793,0.9982183,0.9949819,0.9999214,0.99088186,0.99865943,0.99375284,0.9998295,0.99998236,0.99999565,0.99986386,0.99999833,0.99996567,0.99982643,0.99991596,0.99372506,0.9986782,0.63308316,0.99928814,0.9985577,0.99962115,0.9992597,0.99998856,0.9978967,0.8770689,0.99902403,0.9995011,0.99889743,0.9676802,0.99985147,0.9997515,0.99933743,0.9379138,0.9806156,0.99985623,0.99978113,0.9995383,0.9995857,0.9767645,0.9974215,0.99986374,0.9863814,0.9999411,0.99708813,0.9996989,0.99957156,0.9992143,0.9998684,0.9986946,0.99893093,0.9976036,0.99971426
0.9988902,0.9999805,0.96470195,0.9883016,0.9992393,0.96934354,0.83264786,0.9999637,0.9996821,0.99990433,0.8789101,0.9905003,0.99524295,0.95600605,0.97991484,0.988832,0.99994975,0.98863196,0.97719705,0.9999857,0.9996194,0.733304,0.99589247,0.9936729,0.9995422,0.99996746,0.99996144,0.96206343,0.88632596,0.99942774,0.9828003,0.98994887,0.9824965,0.9960607,0.99887717,0.9997965,0.99865544,0.99993974,0.99986875,0.9993694,0.9996432,0.9998869,0.9948493,0.9830675,0.9982749,0.9577735,0.9993179,0.9999183,0.99996716,0.99945134,0.7986377,0.9999885,0.99902487,0.9766959,0.99881345,0.9774271,0.9932854,0.99981314,0.9998798,0.99989575,0.9933874,0.59200054,0.99855506,0.99982345
0.9999045,0.996279,0.9997745,0.9816264,0.9999598,0.98826313,0.99997675,0.99999124,0.99999774,0.9998996,0.9999417,0.9722749,0.990356,0.9999813,0.9999865,0.9986099,0.9744625,0.9959451,0.9996036,0.9998786,0.999918,0.99949217,0.9973259,0.99950194,0.9982052,0.99984413,0.9967127,0.99830127,0.8923252,0.9795697,0.9901967,0.99819577,0.9913833,0.9990071,0.99734783,0.9999329,0.9813638,0.99947464,0.9994995,0.9999654,0.99913716,0.9982648,0.98718786,0.99862325,0.9997717,0.9999875,0.9728209,0.99729174,0.9999863,0.9993584,0.80880666,0.99998534,0.9972962,0.9979526,0.9989902,0.99975455,0.9995549,0.99848855,0.9998524,0.998914,0.99956787,0.9998318,0.99059105,0.80243427
