0.99998665,0.9999987,0.99999887,0.9999938,0.9999753,0.9999961,0.99983764,0.99990886,0.9999857,0.9999064,1.3947487e-05,0.004753411,0.00016829371,0.00020831823,0.0015189052,0.0028381944,0.00016731024,0.0023245215,0.0006725192,0.0053091943,0.00047004223,0.00063312054,0.00028151274,0.0013395548,0.43497902,0.99940026,0.9998429,0.9999987,0.9972917,0.97915095,0.9999672,0.9968566,0.9983046,0.9997561,0.9999987,0.999517,0.99975044,0.9996832,0.9999821,0.9990257,0.99999815,0.9999577,0.99999905,0.9999939,0.9990369,0.99998957,0.99998856,0.9800188,0.99962175,0.9999925,0.9999981,0.9998842,0.99999475,0.95782477,0.9999601,0.9951724,0.9999931,0.99907774,0.9999905,0.99807364,0.99999964,0.999968,0.99997795,0.99976254
0.9995891,0.99894506,0.9697016,0.9980961,0.99999666,0.9999002,0.99998075,0.9976413,0.9993502,0.001891166,0.000790745,0.6923589,0.9996334,0.9607286,0.41567925,0.32506236,0.41291684,0.49511626,0.7985677,0.16264012,0.0003671944,0.0052455664,0.0040634573,0.081466705,0.012774378,0.0006982088,0.614054,0.9996629,0.99502605,0.9995606,0.9995966,0.8656478,0.99801564,0.99882865,0.99349236,0.99848115,0.99995947,0.9998409,0.96561456,0.9994731,0.9772407,0.9998801,0.9997821,0.99993587,0.99718106,0.9999193,0.99999785,0.9996972,0.99961704,0.123372585,0.9967631,0.9997076,0.9999882,0.9979671,0.9995321,0.9995403,0.99511164,0.99355173,0.9999452,0.9999984,0.9995241,0.9999854,0.9993491,0.99999946
0.9992207,0.99772257,0.99998647,0.9998375,0.99997926,0.999946,0.9962491,0.98412335,0.01712513,1.2516975e-06,0.016069204,0.99994266,0.9977584,0.99998796,0.99996585,0.9957855,0.99741644,0.9724301,0.99998,0.99975455,0.99941057,0.9994825,0.9999542,0.999163,0.22871092,1.9460917e-05,0.0015382171,0.00016966462,0.033049047,0.44904372,0.20975366,1.0,0.99899304,0.99873364,0.9999589,0.99997604,0.9999985,0.9918003,0.9999981,0.999002,0.9994837,0.99984723,0.9997745,0.99999434,0.9999992,0.9999894,0.9998479,0.9978649,0.99999875,0.99999833,0.99998885,0.98404574,0.99892455,0.9997637,0.9995575,0.9568293,0.9996983,0.9913827,0.9858664,0.9590627,0.9668983,0.99459136,0.9975014,0.9999999
0.9984499,0.9998154,0.99986,0.9999752,0.9999602,0.99410486,0.99928933,0.00021451712,0.019819379,0.5905429,0.9239498,0.07923478,0.99893665,0.99961936,0.21837676,0.999998,0.9997984,0.99982107,0.9966862,0.98825395,0.00045499206,0.015411437,0.9960419,0.99972034,0.9989939,0.96282095,0.28533405,0.0046771765,4.8995018e-05,0.01458782,0.0002656579,0.00010806322,0.009876072,0.9999498,0.99997234,0.99333364,0.8265721,0.9989912,0.99999666,0.99995553,0.98997164,0.9279421,0.9999777,0.9999162,0.9999813,0.99345183,0.99969435,0.990543,0.99892086,0.9999176,0.99840057,0.32532522,0.99991554,0.99997693,0.44854602,0.9999933,0.9891453,0.9996406,0.04138291,0.9999839,0.99998987,0.9998608,0.9990557,0.9965174
0.9998695,0.9993997,0.99993205,0.9936935,0.999964,0.99964607,0.0041253567,0.00014132261,0.99994946,0.9972026,0.9890281,0.9999567,0.9963263,0.99988365,0.98874575,0.9953406,0.802951,0.0020667017,0.002691716,0.00042662024,0.0035008788,0.0012800694,0.050433308,0.0023777485,0.0003553331,0.01395157,0.21348703,0.999995,0.9671832,0.0001205802,0.023294598,3.6925077e-05,1.4483929e-05,2.014637e-05,0.9998679,0.99936825,0.9999974,0.9990911,0.99980414,0.9914483,0.9770254,0.99780846,0.97604764,0.99998736,0.9998947,0.9986372,0.9999625,0.99405855,0.99990284,0.9982932,0.9999908,0.99697924,0.9891796,0.9840476,0.99115574,0.99997544,0.99737024,0.9992409,0.99954957,0.9999156,0.99731565,0.9985513,0.9984267,0.9951458
0.9966222,0.99595165,0.999645,0.9992509,0.9999974,0.9999542,0.0006136298,0.18803409,0.999295,0.99999356,0.9998063,0.9996401,0.9999291,0.9998376,0.9993248,0.37562874,0.18516889,0.00041145086,0.001286,0.88914883,0.9996531,0.9980048,0.64358014,0.00471285,0.0063857436,0.0009673834,0.17357504,0.99991524,0.99999833,0.99934757,0.99984765,0.9999937,0.004176408,4.670024e-05,2.2947788e-06,0.95870197,0.99999577,0.99999726,0.9999924,0.9994725,0.9999997,0.99606806,0.99999154,0.43525797,0.9999651,0.9997778,0.99999654,0.9999488,0.9998177,0.9992969,0.99031734,0.99972594,0.9999987,0.9998814,0.9999335,0.99998546,0.9999403,0.99744534,0.99997544,0.99994206,0.99681425,0.9999111,0.9999884,0.99981284
0.9995564,0.99999475,0.9999151,0.99999887,0.9993958,5.6624413e-06,0.00035741925,0.9994718,0.95501745,0.9999191,0.9953166,0.992909,0.99998534,0.99955267,0.6788922,0.0059450567,0.00011181831,0.99975836,0.9999993,0.9958446,0.9993707,0.99951136,0.9999158,0.99979717,0.9988276,0.99936116,0.9999851,0.99964917,0.99999005,0.98177785,0.9972341,0.99999714,0.9999968,0.82458884,6.863475e-05,0.00038394332,0.00014862418,0.0005649328,0.13031614,0.999992,0.9999931,0.9999995,0.99999416,0.9999998,0.9997472,0.9996617,0.999962,0.99987483,0.99881864,0.9990531,0.9999509,0.9999964,0.99999666,0.9999987,0.99998885,0.99967587,0.9998942,0.99991727,0.9999166,0.99969137,0.9942174,0.99998915,0.999864,0.9999618
0.99987364,0.9994639,0.99609727,0.99959373,0.999918,0.00086176395,0.20865113,0.9319743,0.99997973,0.9986723,0.99906564,0.9940914,0.99987656,0.9997718,0.00067299604,0.023075908,0.9999924,0.9969239,0.9999657,0.9999918,0.99698275,0.9999864,0.9994513,0.9999969,0.9819236,0.99804235,0.9999331,0.98930776,0.9929794,0.98791564,0.9954698,0.99987394,0.9098414,0.9999797,0.9992241,0.9998869,0.06256735,0.0010445118,0.00094002485,0.0027626753,0.19767368,0.99999857,0.9969686,0.998754,0.99951947,0.9779956,0.999998,0.99975073,0.9999132,0.9974562,0.97937006,0.99988854,0.9991288,0.99998945,0.9999886,0.9998796,0.94170976,0.9967712,0.9997467,0.9998319,0.99794334,0.7680876,0.9999308,0.99999446
0.97713584,0.990886,0.9998503,0.9997014,0.0010227859,0.00035694242,0.99916685,0.99997544,0.9969388,0.99998844,0.9998484,0.9981562,0.99941677,0.5153781,0.014091998,0.29185298,0.999388,0.99968076,0.99798536,0.99672544,0.9964473,0.99298215,0.99781877,0.99170804,0.99906087,0.9992627,0.9999747,0.9998529,0.9991895,0.9949181,0.9850502,0.99781036,0.9958885,0.99122363,0.9996736,0.99996614,0.005322993,0.99999726,0.47648054,0.2225194,0.012494832,0.014429837,0.9995259,0.9999441,0.99997175,0.9998353,0.9726471,0.9999554,0.99991155,0.9997549,0.9999998,0.9999946,0.9975928,0.9997177,0.99999595,0.99998045,0.9995059,0.9999999,0.9999101,0.9999867,0.99992996,0.99952495,0.99845016,0.9999818
0.9999578,0.9893594,0.99978405,0.998307,0.0691565,0.13368806,0.99805415,0.9995254,0.99966705,0.9991234,0.8384755,0.99990916,0.99897516,0.0035243928,0.011175424,0.99995035,0.99997884,0.9992839,0.9965073,0.107439816,2.2292137e-05,0.02876386,0.12014234,0.9999993,0.9999437,0.99996716,0.9985225,0.9999455,0.9995661,0.99960196,0.9997524,0.9999936,0.9993437,0.99812907,0.9629424,0.9999999,0.99990714,0.99984825,0.99996305,0.99985385,0.079856455,0.0015725493,0.029158741,0.99993634,0.9994403,0.98941684,0.9972431,0.999032,0.995288,0.99993515,0.9987862,0.99999684,0.99945784,0.9969479,0.99966514,0.999524,0.99282277,0.99931526,0.9999726,0.94800025,0.91265094,0.09372383,0.47124326,0.9998574
0.99384,0.99996865,0.9999308,4.4703484e-06,0.36993846,0.99681747,0.99974847,0.9996579,0.99908805,0.99849296,0.99758446,0.997991,0.99999106,0.3980556,0.012315303,0.9998301,0.9999927,0.9999673,0.9993882,0.0028976798,0.5449405,0.010204792,0.006004691,0.21866697,0.9999841,0.99990845,0.9279141,0.99465144,0.9998745,0.8308518,0.9999558,0.99910766,0.99996614,0.99996215,0.9999716,0.99992436,0.99933505,0.99997735,0.99994886,0.9990517,0.99980617,0.20221877,0.028793186,0.06976706,0.99966776,0.9999945,0.99984133,0.9996877,0.9939374,0.99993896,0.9999291,0.9961252,0.9999962,0.9998437,0.99999964,0.9878649,0.99996483,0.9990919,0.99998325,0.025140107,0.005442351,0.30894667,0.38429853,0.7678142
0.99996406,0.9988985,0.9997842,0.00079268217,0.21205872,0.99850535,0.9993391,0.9881004,0.99999946,0.9953598,0.9992024,0.9988814,0.9999603,0.9992397,0.00029045343,0.07335362,0.9999987,0.9999951,0.99998,0.9680078,0.1509648,0.99983454,0.015070736,0.54179585,0.016348243,0.99815685,0.997725,0.99874544,0.99999905,0.9988612,0.99849874,0.9999832,0.9999744,0.99992573,0.9999586,0.99999744,0.99966675,0.99734604,0.9999659,0.99999607,0.99813694,0.99916565,0.13688743,0.00032165647,0.99942577,0.99911106,0.9999902,0.9995681,0.9999851,0.999725,0.9942908,0.9968358,0.9999913,0.99966455,0.9999734,0.99028987,0.999632,0.99980175,0.9342679,0.018657863,0.062090725,0.9968472,0.7666129,0.003335327
0.99768513,0.9978117,0.9981363,0.051119685,0.26834613,0.99998313,0.99900115,0.6336633,0.9914043,0.9999274,0.99656606,0.99980223,0.99952817,0.9999821,0.039661348,0.0022533536,0.9839854,0.9999815,0.9999999,0.9998803,0.99998796,0.99999833,0.9958187,0.022440374,0.001616329,0.9999902,0.99847627,0.99915665,0.9999999,0.99999434,0.9716439,0.99570227,0.9996538,0.99974614,0.9999913,0.9999487,0.99999183,0.99895144,0.9999683,0.99558806,0.99801314,0.99079746,0.9984659,0.0009784997,0.00085279346,0.9975041,0.99999964,0.99997175,0.9993125,0.9999778,0.99999404,0.999185,0.992778,0.9999548,0.9999789,0.9999864,0.9999882,0.9992397,0.0017889738,0.049837142,1.0,0.99999344,0.9999885,0.00469929
0.9991892,0.99866056,0.9999456,0.0014172792,0.00089660287,0.99965286,0.9984513,0.99999976,0.99997926,0.9998449,0.99787104,1.0,0.9987116,0.9999758,0.4441949,0.00027528405,0.0018779635,0.9483539,0.053215086,0.007384062,0.025678515,0.17984405,0.0010360181,0.054093122,0.0050913393,0.99996716,0.99971116,0.9984133,0.9982767,0.998057,0.99999833,0.99886644,0.99971664,0.9996859,0.9997783,0.9999751,0.99983406,0.9991913,0.99998784,0.9895896,0.9919329,0.99957776,0.9985039,0.00023773313,0.00044175982,0.9999919,0.9999999,0.999876,0.99999845,0.9998894,0.9977006,0.9999594,0.9998847,0.99901146,0.9999876,0.99998844,0.99986184,0.99109244,0.99999774,0.9999999,0.99997866,0.99999934,0.99999905,0.03924808
0.99118686,0.99978256,0.9997474,0.0030715168,0.9665619,0.9999922,0.9999473,0.9998059,0.99996877,0.98792905,0.9947198,0.99998915,0.9999771,0.99994445,0.99317914,0.9998795,0.74328125,0.95338583,0.021673083,0.016000241,0.98163867,0.9148791,0.0008122921,0.0051118135,0.61138916,0.9934865,0.9999506,0.9986085,0.9936515,0.9998006,0.99695736,0.90847445,0.99906987,0.9729459,0.99999094,0.99999744,0.9996146,0.987429,0.9574432,0.9999945,0.99641514,0.9994025,0.99969316,0.003737688,0.00019365549,0.99997735,0.9998805,0.99896836,0.9933162,0.9951183,0.99967206,0.99999046,0.9989673,0.99988,0.9998392,0.99421453,0.9999664,0.99992645,0.9999497,0.99999994,0.99975467,0.9999907,0.02704516,0.00022941828
0.9895003,0.996506,0.98687935,9.5665455e-06,0.0014698505,0.9998102,0.9998829,0.99871385,0.99998975,0.9425936,0.99998754,0.9999994,0.9999237,0.999997,0.9993786,0.9999935,0.9999999,0.9997426,0.9999809,0.9999428,0.9969678,0.99982405,0.999583,0.99986446,0.9999893,0.9999974,0.9972271,0.9915363,0.9997487,0.99999964,0.9999296,0.99201024,0.9978614,0.9999658,0.9999718,0.9967034,0.98703337,0.999835,0.9995761,0.9996617,0.9988328,0.9999529,0.99980724,0.0018568337,0.05539751,0.998647,0.997668,0.9999878,0.99995273,0.9998468,0.9999744,0.9981185,0.9982972,0.9999889,0.9999993,0.9999969,0.9999956,0.99999714,0.97346,0.9997904,0.9999205,0.46371698,0.0013825893,0.5954679
0.99026453,0.9995377,0.99891096,0.8033374,0.004768729,0.99907666,0.9985403,0.999998,0.9974639,0.9960983,0.9999563,0.9997168,0.9992759,0.9959436,1.0,0.5874276,0.99967456,0.9964402,0.99999833,0.99971354,0.9963359,0.9133239,0.99999297,0.99992836,0.99995637,0.98989224,0.9987695,0.99861383,0.9999541,0.9999287,0.99738884,0.99784744,0.9993757,0.9530796,0.9998176,0.98615646,0.9999768,0.9993355,0.9999909,0.99979806,0.99999785,0.9999248,0.99975866,0.0030635595,0.016117215,0.9484518,0.9986111,0.99994314,0.9994982,0.99820447,0.99972814,0.99901474,0.9999786,0.9999968,0.99997795,0.9993563,0.9998094,0.9998747,0.53997976,0.99999976,0.99999917,0.14522642,0.033858776,0.9908843
0.96051264,0.9960419,0.9997805,0.8600951,0.00017178059,0.34365693,0.9994633,0.99758226,0.99998724,0.9926737,0.26588672,0.99998176,0.99964285,0.99892116,0.99985814,0.99993587,0.99849796,0.99868566,0.997743,0.9990756,0.9998281,0.9989548,0.9979129,0.9991151,0.99941254,0.96247154,0.9994041,0.9999356,0.9999713,0.99996704,0.99989885,0.99988353,0.999825,0.99989724,0.9538249,0.98222655,0.99788785,0.99961525,0.9991143,0.9999238,0.99961746,0.99964,0.99876493,0.0003655851,0.5017993,0.999138,0.9978341,0.9999867,0.99925953,0.9999155,0.99998504,0.9999898,0.99559164,0.9989878,0.99998415,0.99999404,0.9998851,0.99995506,0.99997723,0.9999948,3.567338e-05,0.0014366806,0.8440267,0.99999464
0.99339795,0.99692476,0.9994795,0.9997864,7.277727e-05,0.043590695,0.9965403,0.9997356,0.9999302,0.9998261,0.99998283,0.9999876,0.9934638,0.99999124,0.9999517,0.96180904,0.9996309,0.9998729,0.99999034,0.9979595,0.99988425,0.9999985,0.9769601,0.9998022,0.9950452,0.99673575,0.99996924,0.99991727,0.99939835,0.9930765,0.9999582,0.9978123,0.9998611,0.9996335,0.999997,0.9965842,0.9999534,0.9369863,0.9997233,0.9999665,0.99994123,0.99977744,0.0018948317,0.00050386786,0.9980974,0.99485517,0.9998516,0.99668515,0.99453056,0.9980356,0.99999523,0.99976873,0.99979323,0.9995785,0.9991256,0.99999976,0.9998857,0.9998313,0.99983764,0.15094066,0.00017625093,0.24267757,0.9987581,0.9955625
0.010461777,0.8785443,0.9998636,0.9999998,0.9084551,2.348423e-05,0.00015342236,0.0010457933,0.05063817,0.999709,0.9999951,0.99999005,0.99999505,0.9967251,0.9996984,0.99951863,0.9999807,0.98937774,0.9993259,0.99798733,0.99800026,0.9975872,0.98796535,0.99606526,0.112728,0.99973845,0.9872085,0.9998275,0.9999976,0.99972975,0.99954987,0.99985087,0.99998057,0.9993507,0.9981836,0.99998033,0.999835,0.99984324,0.9999085,0.9987762,0.9999503,0.99807274,0.24182403,0.5822397,0.9990449,0.9936441,0.9998683,0.96594834,0.9999614,0.99890524,0.99886596,0.99253106,0.99999803,0.9999821,0.9999933,0.9990337,0.9999541,0.9999927,0.9999999,0.0017708242,0.24152991,0.99820805,0.9531138,0.999895
0.0068650246,0.017977059,0.99997294,0.9979476,0.99985373,0.7361876,0.008427918,1.0430813e-06,0.0010306835,0.00043162704,0.00019520521,0.000109791756,9.801984e-05,0.00016409159,3.796816e-05,6.735325e-06,0.47901943,0.5632651,0.5231023,0.9766611,0.99998677,0.99639434,0.99970233,0.9999824,0.999985,0.99997604,0.99942446,0.99840784,0.99999475,0.9992823,0.99843204,0.99967176,0.9908688,0.99895287,0.9997885,0.99996805,0.9983919,0.99960303,0.9999695,0.99999976,0.9928429,0.027798593,0.00020459294,0.9994387,0.9505477,0.99593097,0.99993706,0.9999869,0.99999774,0.99977505,0.9981215,0.99998176,0.9946301,0.999999,0.9999963,0.9999908,0.99864185,0.9999986,0.03612548,0.05605477,0.999998,0.9957117,0.9999875,0.99941164
0.99997973,0.017474145,0.40971595,0.0067444444,0.9938375,0.15711471,0.9985033,0.9987813,0.9910647,0.63473725,0.17562377,0.29401755,6.848574e-05,0.009527147,0.00589481,0.000223279,2.2619963e-05,4.1276217e-05,7.778406e-06,0.00014325976,0.00014710426,7.265806e-05,5.722046e-06,0.0034603179,3.2156706e-05,0.00071021914,0.5426444,0.39846307,0.9965197,0.99999547,0.9962754,0.99994814,0.995055,0.99980557,0.9999257,0.9999995,0.99997056,0.99958915,0.999997,0.99999964,0.14481843,8.195639e-06,0.023966521,0.9995379,0.9988338,0.9999704,0.9999386,0.9999969,0.9999995,0.99996996,0.9996921,0.9397819,0.9999684,0.9999896,0.9998797,0.9999993,0.999995,0.07197672,0.0023172796,0.4379184,0.9997437,0.9985869,0.9999918,0.9999989
0.9978279,0.9960339,0.00013172626,0.0005428791,0.0019006431,0.45889145,0.021361947,0.0009407103,0.17722729,0.5835694,0.9997723,0.9993134,0.99999976,0.9999754,0.9964556,0.9993366,0.9947487,0.99988246,0.99995005,0.29352957,0.37435842,5.9187412e-05,4.2021275e-06,0.00015428662,1.7732382e-05,0.021171749,0.0009357035,0.005138278,6.130338e-05,6.261468e-05,0.0030549169,5.5998564e-05,1.2427568e-05,1.1831522e-05,8.821487e-06,0.006778896,0.0002862215,5.155802e-06,0.001441747,0.004929334,0.00095564127,0.21160233,0.99999696,0.9999999,0.9998588,0.9984386,0.9990953,0.99999547,0.9999995,0.99999976,0.99999833,0.99999547,0.9965403,0.9999999,0.99998426,0.9990226,0.99913526,0.012286693,0.061901838,0.9992249,0.9999002,0.99994457,0.9974308,0.9995563
0.9944705,0.98685884,0.9999431,0.9996501,0.9999708,0.34302402,0.025436044,0.0007967651,0.00049871206,0.0019275248,0.86697537,0.0077285767,0.49545985,0.004509419,0.21977848,0.58347493,0.4824174,0.21706831,0.9946562,0.99998426,0.9999273,0.99992657,0.9999989,0.9999938,0.99996614,0.9999653,0.99893886,0.998947,0.6098021,0.38389322,0.5617899,0.00034826994,0.00021636486,0.00013586879,0.0033854842,2.387166e-05,0.5849846,0.4950445,0.49251753,0.4781075,0.04232028,1.0,0.9999579,0.9999132,0.99999106,0.99853003,0.9999832,0.9999454,0.9999892,0.9999536,0.99008304,0.9984735,0.46245515,0.70355105,0.0002462268,0.0007933676,0.2770111,0.024302453,0.9999826,0.9999974,0.9998541,0.99995613,0.9999306,0.99988365
0.9867618,0.99966085,0.9999851,0.9999961,0.9724587,0.9992881,0.9823667,0.9981437,0.99103445,0.43828702,0.53460574,0.015479207,0.15988451,0.0032475293,8.6307526e-05,0.009447992,0.1684224,0.00053730607,0.016851276,0.00034239888,0.75046253,0.004815817,0.0002605617,0.1801228,0.5842767,0.9999187,0.9998894,0.99622107,0.9999591,0.9998221,0.9997002,0.95532554,0.99941915,0.9999713,0.99955195,0.99998474,0.9909492,0.99991816,0.9928143,0.999973,0.99998856,0.9997425,0.99999374,0.99894094,0.9996033,0.99738276,0.5600895,0.0027135313,0.0012413859,0.0044290125,0.0467906,0.00022476912,0.001103878,0.0002976358,0.0016996264,0.017786026,0.05306855,0.8709302,0.9913609,0.9999125,0.99995834,0.9869653,0.9998424,0.99998885
0.99986,0.9862592,0.9997703,0.9999957,0.9999305,0.9998259,0.9975828,0.9998375,0.99999857,0.99999535,0.99889505,0.99996024,0.99974304,0.99980664,0.031556517,0.99838954,0.99602836,0.9773042,0.3939528,0.020814896,0.19122037,0.18846923,0.0005168021,0.008083552,0.0030171275,0.0002232194,0.98578715,0.004317522,0.6969296,0.99720895,0.9997206,0.9997978,0.99908394,0.99508053,0.9994638,0.9999605,0.9999819,0.99997246,0.8532476,0.35854822,0.01792857,0.0121539235,0.607027,0.13789052,0.9120048,0.3657854,0.0008224249,0.11592454,5.4895878e-05,0.00017085671,0.46795356,0.68624806,0.9260477,0.9998787,0.9997474,0.99137914,0.9999686,0.99672693,0.9999989,0.9999425,0.9995843,0.9973333,0.9991139,0.9999086
0.99998564,0.9933319,0.99994385,0.9998865,0.007881075,0.9999876,0.99459183,0.9999784,0.99998915,0.9999516,0.99834853,0.9934768,0.9986213,0.99961627,0.9996457,0.99173856,0.99998665,0.9998276,0.9999951,0.99996316,0.9999832,0.9999747,0.99991083,0.99987614,0.9999991,0.7089926,0.007536441,0.0030273795,0.13464415,0.0016343296,0.004060805,0.01017493,0.6912851,0.009565562,0.019284338,0.6762169,0.0047640204,0.0011917055,0.42387393,0.010225266,0.112793684,0.19794357,0.33008766,0.02878499,0.6511585,0.95903414,0.99999106,0.99942374,0.9999987,0.9999931,0.996953,0.9996873,0.99971247,0.99512917,0.99999017,0.9996806,0.99999416,0.99732053,0.9998171,0.9949275,0.98113,0.999999,0.9996397,0.9997791
0.9990041,0.9631029,0.9995122,0.8884156,0.9999794,0.99997187,0.9996765,0.9999957,0.99846303,0.84767413,0.9999337,0.99884665,0.99992824,0.9999877,0.9999951,0.99996984,0.99999887,0.99999547,0.9916449,0.9998644,0.99997175,0.99029577,0.99935496,0.99999666,0.9999969,0.99999374,0.9998355,0.999313,0.99990106,0.5011914,0.48824894,0.0029961765,0.008560091,0.9116844,0.8456532,0.0047199726,0.0063790977,0.43008965,0.9938254,0.9999999,0.9999927,0.99997044,0.9994489,0.9998865,1.0,0.9999583,0.99953777,0.99998474,0.9998158,0.9996971,0.99939144,0.9997232,0.9999846,0.9996085,0.9999969,0.99953437,0.99999833,0.9999879,0.99991643,0.99998057,0.99996376,1.0,0.9960181,0.9985631
0.99996644,0.99562347,0.9715253,0.99999094,0.99998724,0.9999469,0.9999361,0.9980575,0.99482596,0.99998146,0.9988259,0.99918896,0.9999787,0.99783015,0.9994474,0.99967265,0.99986583,0.99991775,0.99997115,0.99988955,0.99993324,0.9899068,0.99997705,0.9998903,0.9997212,0.99970406,0.9964757,0.99999946,0.99931824,0.99998105,0.9999634,0.99985725,0.99998116,0.99915326,0.99993676,0.99977654,0.9996631,0.9596261,0.99999934,0.99811256,0.98509073,0.9999876,0.9999957,0.99998885,0.9999602,0.9989814,0.9999908,0.9999641,0.9993334,0.9998317,0.9999664,0.99983394,0.99999726,0.98922646,0.99991274,0.9929896,0.9999923,0.9996339,0.9999932,0.9999999,0.9901892,0.9999068,0.9992759,0.9999282
0.9799453,0.99850416,0.9999584,0.99925756,0.9999673,0.99817526,0.9999888,0.9999141,0.999973,0.9999393,0.9995941,0.9981304,0.99975604,0.9999908,0.9992541,0.9999736,0.9999987,0.9999986,0.9997573,0.14357376,0.99999964,0.9989134,0.9842614,0.99998873,0.99999976,0.9999296,0.9997145,0.9962501,0.99919677,0.99999887,0.99998975,0.994158,0.99999976,0.9934802,0.9999912,0.9965721,0.99999344,0.999961,0.99996233,0.99998397,0.99789953,0.99969506,0.9988091,0.9881427,0.9997071,0.9998675,0.9999481,0.9999701,0.9999452,0.99884826,0.99990696,0.9958303,0.9984386,0.99996066,0.9999178,0.99999833,0.9917196,0.99963415,0.9999528,0.3206056,0.9999776,0.99987555,0.9999755,0.9999859
0.9999312,0.9528555,0.9989567,0.9996519,0.9970541,0.99393475,0.9999949,0.9999688,0.9999461,0.99990654,0.9999012,0.99999964,0.9998933,0.9999101,0.9998354,0.99999976,0.9999983,0.9993318,0.99998593,0.99998224,0.9997095,0.99999565,0.99995136,0.99870473,0.99998105,0.9999898,0.9999733,0.9999878,0.9999971,0.9999969,0.9999987,0.99896204,0.99993753,0.9994809,0.99998856,0.9997543,0.9999516,0.9972469,0.9998364,0.9978584,0.99997896,0.99993503,0.99271786,0.99999475,0.99999785,0.9999511,0.9999936,0.9999829,0.98786014,0.9946572,0.9998332,0.9999747,0.9999057,0.9998723,0.9440234,0.9999987,0.9999458,0.9999902,0.9999925,0.9938821,0.9992268,0.99990225,0.99991316,0.99981934
0.9999599,0.9999179,0.9990444,0.9541125,0.9999577,0.99999416,0.9991385,0.99984545,0.97729826,0.999936,0.9990252,0.99979,0.9998943,0.9990474,0.9997976,0.99919426,0.9963769,0.9999763,0.99999833,0.9999946,0.9999998,0.99994576,0.99982244,0.99580026,0.99998695,0.9999984,0.99997777,0.40544155,0.9999995,0.999962,0.99999654,0.99994963,0.99999917,0.9999453,0.99999666,0.9805417,0.9993839,0.9998533,0.9999835,0.99999833,0.9997224,0.9999989,0.99999887,0.9997026,0.9998087,0.99953914,0.9999691,0.99933976,0.99999887,0.99993,0.9999933,0.9999919,0.9999947,0.9990978,0.99999774,0.9999841,0.99375165,0.9997324,0.9999387,0.9999466,0.9992825,0.99999845,0.9999999,0.94077504
0.9903926,0.9933079,0.99477625,0.9999786,0.9965169,0.99997723,0.9999788,0.9999827,0.99999887,0.99999964,0.9986956,0.99989057,0.9999145,0.99982893,0.99986553,0.99827075,0.9998731,0.9953749,0.9999135,0.99999624,0.9999961,0.9999962,0.99999833,0.9977374,0.9991879,0.9999954,0.99999106,0.7997237,0.99999726,0.9999958,0.9999627,0.9979333,0.999865,0.999756,0.99985313,0.9999946,0.999339,0.99999225,0.99999404,0.9999236,0.9999923,0.9999633,0.99997663,0.999966,0.9999879,0.9999948,0.60421264,0.9999745,0.9999631,0.999689,0.9998278,0.9996964,0.9999922,1.0,0.99978876,0.9999645,0.99881816,0.9999949,0.99872655,0.9996859,0.9841803,0.99966115,0.99999905,0.9985392
0.99965864,0.96751684,0.9452373,0.9999682,0.99876773,0.99999297,0.9999963,0.9999783,0.99999344,0.9997177,0.99995136,0.9989391,0.99954283,0.99999994,0.99999154,0.9984039,0.9999784,0.99998534,0.9999967,0.9905484,0.9840565,0.9999799,0.999951,0.99824107,0.99914515,0.9999726,0.999999,0.9999914,0.999989,0.9999988,0.99731755,0.994019,0.9999777,0.99995327,0.9999938,0.9990299,0.9993905,0.9999999,0.99999803,0.99999523,0.99994403,0.9972411,0.9999949,0.9999999,0.99999577,0.9996869,0.9999898,0.9998764,0.9999925,0.9999927,0.9998468,0.9998841,0.9999993,0.9999751,0.9997,0.9998712,0.9998983,0.9999892,0.99999976,0.9998798,0.99953544,0.99996036,0.9993284,0.9999851
0.99954087,0.9458518,0.99994004,0.9999906,0.98322105,0.99887526,0.9999894,0.9904332,0.9999981,0.99998814,0.99992156,0.9935082,0.9996356,0.999998,0.9794458,0.99997336,0.9999844,0.9999391,0.99954426,0.9998436,0.99925065,0.989746,0.9995418,0.99970675,0.9998777,0.99999386,0.99839604,0.999861,0.9999962,0.99998057,0.99998736,0.99992025,0.9997332,0.9999354,0.99942017,0.9964744,0.99984825,0.9999521,0.9995018,0.9999738,0.99990255,0.9999665,0.26019683,0.998887,0.99999934,0.00034603477,0.99999964,0.9999809,0.9995059,0.9960476,0.48480278,0.99979717,0.99994326,0.99998057,0.9986492,0.9999734,0.9997293,0.999987,0.99983233,0.99973994,0.99989235,0.9998616,0.9997812,0.9998857
0.99130154,0.9996723,0.9981946,0.99469924,0.9991372,0.99394774,0.9999314,0.9999999,0.99999225,0.99969757,0.99957925,0.9997787,0.99998426,0.9999894,0.99964964,0.9982682,0.99999905,0.99983543,0.9997308,0.9986279,0.9997818,0.999975,0.98432785,0.9998927,0.9998098,0.99998605,0.999973,0.99992496,0.999982,0.99987906,0.9999757,0.99988943,0.9999795,0.9999924,0.99951965,0.99994123,0.9987764,0.9999994,0.99999976,0.9981713,0.9997331,0.99999964,0.9999794,0.9999945,0.9999995,0.9962133,0.9999933,0.99999946,0.9997807,0.9998559,0.99979496,0.9999337,0.9999976,0.9997928,0.99954176,0.9999914,0.9999466,0.99999994,0.9999995,0.99993205,0.9999696,0.99994385,0.99999857,0.99994636
0.998389,0.9977369,0.9933977,0.9997189,0.991276,0.9950812,0.99669933,0.999197,0.9999911,0.9997331,0.99981195,0.99998313,0.99793535,0.9984932,1.0,0.99972177,0.99995136,0.9999175,0.9996596,0.99999994,0.99987733,0.99983835,0.9991611,0.99991506,0.9999541,0.98804265,0.99999815,0.9999968,0.9999565,0.9999958,0.99991786,0.99999225,0.99999917,0.99989974,0.9999931,0.9982488,0.9923396,0.99996465,0.9999994,0.99999785,0.9999993,0.9999978,0.9999579,0.998619,0.99998444,0.9999889,0.9999986,0.9998189,0.999995,0.9999157,0.99421424,0.9999694,0.99998677,0.9999909,0.9998729,0.9999968,0.99965775,0.9987763,0.9978555,0.9999368,0.9999999,0.9997239,0.9999305,0.9998924
0.99993145,0.9981798,0.98644865,0.9947025,0.9999604,0.9979471,0.99240136,0.99786514,0.9832832,0.99949855,0.99993753,0.99999064,0.99998695,0.99990404,0.9999978,0.999982,0.9999911,0.99947035,0.9996444,0.9999126,0.99998724,0.9999417,0.99999696,0.9999948,0.9999869,0.9999974,0.99736285,0.9972776,0.9776313,0.9865172,0.9999669,0.99931645,0.99953544,0.99921167,0.9950865,0.9999432,0.9693176,0.99898994,0.99878013,0.99969846,0.9992777,0.9988725,0.9998511,0.9998573,0.9988266,0.99999905,0.99964154,0.9926728,0.9999885,0.99991715,0.9998592,0.99975574,0.9999975,0.9999497,0.99999785,0.99999994,0.99999785,0.9997479,0.9999073,0.9999982,0.9999335,0.9999824,0.9998765,0.9995991
0.99992335,0.9995432,0.999871,0.9768137,0.999994,0.99977887,0.99989307,0.9985968,0.9986383,0.99770284,0.9999788,0.99958956,0.99995863,0.99993765,0.9999883,0.9597515,0.99998426,0.9999968,0.99996245,0.99998474,0.9994663,0.9999745,0.99998224,0.932818,0.99998975,0.9998165,0.9999859,0.9999764,0.999445,0.99983114,0.99980485,0.99994266,0.99992216,0.9999678,0.7670666,0.99998856,0.99995565,0.99998367,0.9999989,0.9999474,0.99945843,0.99892247,0.99993026,0.9999212,0.99999714,0.8840147,0.99285626,0.9992542,0.99550676,0.9998716,0.9993034,0.9999999,0.9999922,0.9981195,0.9999838,0.98567736,0.99907196,0.9999689,0.9999995,0.9998963,0.99998075,0.99972796,0.9999913,0.8762533
0.99989986,0.99999624,1.0,0.99999124,0.99959093,0.99998796,0.9998586,0.9993383,0.99965227,0.99991965,0.9999995,0.9988009,0.9998833,0.99996895,0.99933374,0.99943006,0.99996257,0.9997919,0.9999833,0.9999877,0.9999889,0.9985719,0.9972837,0.9999018,0.9995204,0.99950564,0.99522495,0.9994384,0.9999162,0.99898183,0.98699677,0.9789653,0.9999734,0.9999244,0.99998635,0.9979671,0.9998276,0.999995,0.9999692,0.99991834,0.9995096,0.99997914,0.9999978,0.99992585,0.9997697,0.9999863,0.999681,0.99917436,0.9928868,0.9989871,0.99964976,0.9999232,0.9999255,0.99998826,0.9998858,0.9999976,0.99993527,0.9999807,0.99996835,0.9999896,0.99955666,0.99999845,0.99999994,0.9999598
0.97192,0.99772805,0.9999987,0.95111704,0.9998536,0.99959767,0.9999981,0.9999126,0.9998851,0.9999057,0.99997836,0.9935232,0.99995226,0.99984825,0.9999995,0.996827,0.99482155,0.99983644,0.99984777,0.9999986,0.99998426,0.999998,0.99996734,0.12888274,0.99945116,0.9999996,0.99995434,0.9999624,0.998476,0.99999803,0.99998546,0.9998915,0.9999995,0.9999993,0.99994355,0.9997872,0.9999949,0.9305452,0.9999876,0.9998182,0.99999475,0.9999998,0.9999848,0.99992704,0.99999964,0.9999584,0.99836934,0.9991289,0.99999654,0.9794942,0.9977664,0.9998945,0.9999995,0.9955888,0.9997635,0.9997268,0.9998,0.999807,0.99996203,0.9999886,0.999925,0.9999994,0.9999862,0.99995816
0.9465177,0.9908424,0.9986844,0.99809897,0.99998283,0.9999711,0.9999693,0.9999517,0.99997663,0.99999857,0.99733937,0.9999826,0.9999394,0.9999567,0.9991113,0.99994946,0.9995914,0.99698025,0.9999664,0.99997306,0.99913716,0.9819331,0.9966742,0.99999774,0.99998665,0.9942202,0.9999993,0.9999815,0.99999595,0.9999075,0.9977483,0.9994357,0.99997497,0.99969393,0.9999721,0.990803,0.9999953,0.9999082,0.99941885,0.99998206,0.9995619,0.99995977,0.99999547,0.9986546,0.99928534,0.9999995,0.99740195,0.99970907,0.9999989,0.9999473,0.9999694,0.99852884,1.0,0.9983556,0.99999934,0.9991641,0.99999404,0.99997747,0.999998,0.99998283,0.99984944,0.9998189,0.9999999,0.9991429
0.9994203,0.99997437,0.99912226,0.9999998,0.9999047,0.99997103,0.9995242,0.9993355,0.99997514,0.9980148,0.9966419,0.99841535,0.9997188,0.9999418,0.99999416,0.99993026,0.9941708,0.99972785,0.9997116,0.9999684,0.98488677,0.99994004,0.9949722,0.9940785,0.9999492,0.9997281,0.9981612,0.9998938,0.9999797,0.99994385,0.9909589,0.99985635,0.99886775,0.99991053,0.99999964,0.9999735,0.99884593,0.9999075,0.94596046,0.9997562,0.99998724,0.9995049,0.9999957,0.99999297,0.9999704,0.9999821,0.99981964,0.7977222,0.44430703,0.9995929,0.99998814,0.9997607,0.9999957,0.99992275,1.0,0.99999523,0.9999327,0.99998385,0.99999976,0.9999926,0.99999565,0.005624175,0.9999998,0.99999845
0.99815655,0.9935253,0.9988359,0.9998594,0.99996376,0.9999882,0.9999939,0.99926543,0.9967605,0.9999092,0.9999936,0.9905315,0.9691763,0.9997344,0.99994314,0.9999954,0.99999714,0.99997216,0.98977613,0.9966133,0.9962496,0.99918276,0.98871225,0.999668,0.99998945,0.99999726,0.9992623,0.3501205,0.99972814,0.99898684,0.99856675,0.9998591,0.99999726,0.9999833,0.9999443,0.99999756,0.99999285,0.99948406,0.99987787,0.9999854,0.9997935,0.999992,0.99983406,0.9999937,0.99998593,0.9999974,0.8815386,0.99996406,0.33041388,0.9998901,0.99996674,0.99777365,0.99999905,0.9990581,0.9999897,0.9998544,0.9999999,1.0,0.99996907,0.99998844,0.9999982,0.99999917,0.99999666,0.999995
0.99776125,0.99999714,0.99045694,0.9992764,0.9990485,0.9999236,0.99815667,0.99995756,0.9993928,0.9999932,0.9999994,0.99994147,0.9997237,0.9999864,0.9977822,0.9996674,0.9999995,0.99999297,0.9999555,0.9973351,0.99985015,0.99964386,0.9980928,0.999958,0.99998856,0.99993616,0.9972346,0.99970496,0.9922137,0.9995495,0.9976968,0.9989803,0.99985296,0.9999877,0.9993998,0.99968195,0.9999771,0.9999931,0.99999946,0.9999749,0.9999436,0.99372053,0.9997734,0.998116,0.99999976,0.9997151,0.999971,0.9999572,0.99903214,0.9999957,0.9999887,0.9444207,0.99998677,0.9999987,0.9811189,0.9999931,0.999992,1.0,0.99999785,0.9999999,0.9999916,0.9993466,0.99999714,0.9927037
0.9993547,0.9999999,0.9955953,0.9972838,0.9999804,0.9999145,0.99988395,0.99984765,0.999987,1.0,0.9986911,1.0,0.9999965,0.99999964,0.9999902,0.9999863,1.0,0.99831444,0.9998521,0.99269605,0.9999777,0.99999785,0.99277985,0.9999728,0.99999577,0.9999998,0.9999666,0.9997347,0.9999377,0.9999862,0.9849005,0.999912,0.99999714,0.7001982,0.99986696,0.99994296,0.997609,0.9999498,0.9999882,0.9994851,0.9990555,0.99994254,0.99756134,0.9999974,0.9999986,0.9914628,0.9998107,0.99998844,0.999877,0.9993473,0.9999535,0.9999978,0.99977463,0.9998491,0.99921966,0.99999654,0.9999845,0.9999998,0.9999995,0.8430152,0.999783,0.999997,0.9999919,0.9993471
0.9959264,0.9128473,0.9999523,0.9998262,0.9999992,1.0,1.0,0.28542703,0.999974,0.9999828,0.9999976,0.9999988,0.9999994,0.9920552,0.9667275,0.99957585,0.99995744,0.9999814,0.99983263,0.99971676,0.9999416,0.9999861,0.9998907,0.9999911,0.9995353,0.9969307,0.060198635,0.99884164,1.0,0.9999062,0.99812746,0.99995637,0.9999976,0.9999979,0.9998926,0.9436083,0.99944043,0.9999274,0.9948993,0.9945799,0.9999881,0.999998,0.9999692,0.9999751,0.19858527,0.99999964,0.9999964,0.9999943,0.999969,0.99999917,0.99921346,0.9999763,0.99800384,0.98564214,0.9999896,0.99907786,0.99999976,0.9999998,0.99998474,0.99985474,0.9982027,0.97843206,0.9999953,0.99996066
0.99786806,0.99805313,0.99721235,0.9999783,0.9998344,0.9999884,0.9999839,0.99994767,0.9999193,0.9987239,0.99975216,0.99999976,0.99565184,0.999979,0.99998236,0.9442446,0.9999662,0.99986607,0.9999927,0.998958,0.99996656,0.9997736,0.9957011,0.8367113,0.9997475,0.99992174,0.9999979,0.99942106,0.99999833,0.9997411,0.9997691,0.99427545,0.9999974,0.99999905,0.9998653,0.99998903,0.9999788,0.9999108,0.99892664,0.99988174,0.9999911,0.9999964,0.9990634,0.99967086,0.99997187,0.9999938,0.99991345,0.99990356,0.9999982,0.9999955,0.9999752,0.99992216,0.99999833,0.9999975,0.99999785,0.99999094,0.99999857,0.9999814,0.9999682,0.99999833,0.999997,0.9999949,0.9999876,0.99962986
0.99105567,0.9998692,0.99850285,0.9999915,0.9999927,0.9997852,0.9998209,0.9999998,0.9999827,0.9999912,0.9992386,0.99989474,0.99996555,0.99932265,0.9999776,0.9928019,0.99013823,0.9999429,0.99973476,0.9966837,0.99961185,0.99999845,0.9993677,0.99997395,0.999962,0.99999976,0.99994993,0.996951,0.9999933,0.99996424,0.9997455,0.99985933,0.9999045,0.99929446,0.98721397,0.9999992,0.9998292,0.99999994,0.99993634,0.9999988,0.99998975,0.99971604,0.99987483,0.99976027,0.99390155,0.99991345,0.9999723,0.9999192,0.98550403,0.999882,0.9999985,0.98890007,0.9999994,0.99993426,0.999972,0.9999454,0.99999917,0.99993175,0.99906194,0.9999994,0.6887129,0.99992996,0.9999966,0.9924848
0.9988194,0.9999598,0.99621665,0.9998219,0.9998847,0.9994324,0.9999995,0.9999999,0.99999976,0.99999917,0.99999845,0.999962,0.86013716,0.99999505,0.9992467,0.9964993,0.9981991,0.9993924,0.9999459,0.9998317,0.99929464,0.9979938,0.97660697,0.9997361,0.9994146,0.9999503,0.9966117,0.99998975,0.999985,0.99999946,0.99992037,0.99999213,0.9999983,0.9999793,0.999996,0.9999814,0.9999909,0.99999857,0.99997103,0.9999932,0.9999778,0.9999001,0.99999726,0.9999999,0.99999523,0.9997072,0.9997644,0.99999917,0.99997866,0.9997014,0.9999993,0.9998316,0.9999982,0.99999976,0.99945915,0.9999881,1.0,0.9999785,0.9999987,0.8869833,0.99999315,0.9980899,0.9999975,0.99999976
0.9982616,0.0049168766,0.9996493,0.99919224,0.99996936,0.9999894,0.9989693,0.99997705,0.9995539,0.999979,0.99999315,0.9996585,0.9999978,1.0,0.9998423,0.9872112,0.99913114,0.9999988,0.9999716,0.99991536,0.9999684,0.9999989,0.9999305,0.99993765,0.999992,0.8783784,0.9999527,0.9997709,0.9999808,0.9999975,0.9999448,0.9977876,0.9930169,0.9997815,0.99999714,0.9999937,0.9997819,0.9970225,0.99994093,0.9999996,0.9999893,0.9974208,0.9999994,0.99999213,0.99999535,0.9999709,0.9999888,0.9893427,0.99998593,0.9999994,0.999999,0.9999965,0.9999794,0.9999881,0.9999934,0.99996245,0.9999565,0.9999421,0.9981711,0.99992543,0.9999992,0.9999641,0.022263646,0.99999416
0.9991623,0.9999999,0.9989933,0.9999964,0.9959171,0.9999918,0.99997395,0.9999958,0.9999796,0.99996036,0.9999629,0.9998121,0.9996948,0.99999946,0.9997344,0.9999417,0.99624944,0.9997119,0.99984026,0.9736307,0.99991715,0.99999964,0.99999344,0.58993834,0.9999933,0.9999767,0.9999988,0.9999818,0.9999283,0.99996996,0.9998449,0.9997951,0.9999936,0.9876694,0.9999439,0.9999263,0.9982368,0.9999984,0.9997419,0.99896884,0.99956435,0.99997514,0.99999523,0.9999924,0.9996021,0.9999708,0.99999857,0.999992,0.9999905,0.99997354,0.99996877,0.9999999,0.9999999,0.998858,0.99311817,0.99933314,0.9999338,0.99998903,0.99999785,0.99981964,0.9999819,0.9986488,0.99994934,0.9999941
0.9924562,0.99998343,0.99999774,0.9980496,0.9999726,0.9999897,0.99987406,0.9999968,0.99999845,0.9944239,0.99982,0.9999312,0.9999997,0.9998986,0.9999643,0.99316835,0.99968207,0.99620694,0.9968525,0.9995563,0.99999964,0.99999845,0.9999994,0.99789894,0.99994695,0.999998,0.9999869,0.99998367,0.9999971,0.9999997,0.9945595,0.9999877,0.99982584,0.99998343,0.9999765,0.9934343,0.99987,0.9999988,0.9999838,0.9993082,0.90343285,0.99999475,0.99998856,0.99954605,0.9999994,0.99999654,0.9994649,0.999776,0.9999986,0.9999843,0.9999979,0.99993765,0.99999905,0.9999997,0.9999633,0.99996173,0.9517484,0.99999136,0.9999083,0.99999994,0.9999922,1.0,0.9998987,0.99900466
0.99990535,0.060672283,0.98913586,0.99993944,0.9999875,0.99999994,0.99995947,0.9999989,0.99999535,0.8635762,1.0,0.9999615,0.9998922,1.0,0.99983394,0.9999306,0.9942042,0.9999659,0.99478275,0.549286,0.99999523,0.9950595,0.9999974,0.9999999,0.9973592,0.98750496,0.99997604,0.9999852,0.9999975,0.9999937,0.99997354,0.9988339,0.99998695,0.9997167,0.99991184,0.9987621,0.9991982,0.99999654,0.99991536,0.99675643,0.9999638,0.9999913,0.9999958,0.9999951,0.9999764,0.9999989,0.9999913,0.9999919,0.99991834,0.99999976,0.9999569,0.99992967,0.99999905,0.99999976,0.99959934,0.9999993,0.9999963,0.99998045,0.999995,0.99999696,0.9999992,0.99999946,0.99998343,0.99999964
0.9999997,0.99992,0.99999774,0.9999997,0.999462,0.99999726,0.9991814,0.9999973,0.9999728,0.99983287,0.9999752,0.999997,0.99999917,1.0,0.9978968,0.9818193,0.9999504,0.9999869,0.9970387,0.99970305,0.2878825,0.99997896,0.999774,0.9998826,0.9999997,0.9999199,0.9999993,0.99862623,0.99970293,0.999962,0.9691956,0.99990785,0.54648757,0.9999752,0.9999423,0.9999461,0.9999996,0.9999988,0.99999887,0.9990692,0.9999917,0.9999887,0.9996618,0.99999774,0.99942416,0.9999791,0.9999995,0.9995736,0.9999938,0.99999774,0.99999714,0.9999908,0.9999997,0.999995,0.9999999,0.9999975,0.99985105,0.9994923,0.99999344,0.99999464,0.9999677,0.9999691,0.99999547,0.9999972
0.9999963,0.9994661,0.99894357,0.997215,0.99992716,0.9997941,0.9999982,0.9998391,0.9999931,0.99987113,0.9999981,0.9999968,0.9999757,0.99217725,0.9995276,0.9999759,0.9996176,0.99996984,0.99949193,1.0,0.9988298,0.9998426,0.9996011,0.99965274,0.99994755,0.9999779,0.999598,0.9998919,0.99991095,0.99991095,0.99999046,0.99996346,0.9999998,0.99988925,0.99944663,0.99998164,0.9999782,0.9999955,0.9988636,0.99990106,0.9999499,0.99985766,0.9999601,0.99999964,0.99999946,0.9993265,0.99998665,0.9997926,0.99999416,0.9999993,0.9999976,0.9999697,0.99985754,0.999995,0.9992476,0.9999378,0.9999968,0.99910676,0.9999942,0.99999994,0.9999924,0.9999895,0.9999696,0.9998811
0.9999997,0.99999976,0.9998224,0.99997425,0.9955715,0.9995775,0.95194364,0.9999902,0.9989667,0.9997894,0.9999982,0.99996763,0.9999984,0.9968437,0.9769473,0.99986917,0.99997836,0.9999975,0.99884653,0.9955901,0.999908,0.99989086,0.99999994,0.9994327,0.9999983,0.99994445,0.99991846,0.9999933,0.9999935,0.9999945,0.9992626,0.9999612,0.9998441,0.9996952,0.9994458,0.9999981,0.9999987,0.98762524,0.999997,0.99999565,0.9999619,0.99998647,0.9997154,0.9977383,0.9757625,0.99999964,0.99999857,0.99999857,0.99997973,0.9999992,0.9999991,0.9999673,0.9999982,0.99999994,0.99914956,0.99952894,0.99999785,0.9999999,0.99999964,0.99999905,0.9999503,0.9999194,0.99995303,0.99999857
0.999964,0.9998925,0.9999996,0.9999925,0.9998844,0.99045336,0.99638444,0.99941194,0.99995196,0.9997186,0.9999995,0.984466,0.999992,0.9999969,0.96719706,0.9999972,0.99971616,0.99999034,0.99867296,0.9999831,0.999992,0.99893725,0.99980104,0.99918324,0.9999831,0.99999195,0.9994026,0.9996809,0.99996555,0.99998844,0.9999951,0.9992498,0.9998357,0.99886274,0.001553446,0.999891,0.99999696,0.99999774,0.9999329,0.99711275,0.99969363,0.99999535,0.99999905,1.0,0.99999154,0.999946,0.9999974,0.9999999,1.0,0.9940932,0.9999484,0.9999689,0.9993437,0.99910295,0.9999099,0.9995927,0.9999871,0.9998193,0.99999976,0.9999996,0.99997383,0.9999994,0.99995685,0.9998351
0.9999397,0.99927104,0.99999267,0.99590373,0.9636397,0.99999887,0.9998063,0.031199455,0.99999845,0.99997264,0.9999932,0.999997,1.0,0.9997869,0.99993354,0.99998426,0.99996793,0.9913025,0.9984261,0.99999905,0.99999785,0.99998903,0.9999955,0.99592036,0.9999989,0.9995466,0.9999926,0.9999801,0.99891686,0.9972595,0.9999907,0.99997985,0.9999941,0.80848455,0.9998328,0.99999285,0.9560342,0.9964578,0.99999994,0.9999998,0.9999993,0.99990296,0.9999988,0.9999986,0.99999774,0.9999167,0.99999857,0.999962,0.99999064,0.99999744,0.9996054,0.9995816,0.99992764,0.44208896,0.9997954,0.9999957,0.9999975,0.99999565,0.99999326,0.9999998,0.9976193,0.9999761,0.9999997,0.9999995
0.9999804,0.99998647,0.9999985,0.96568894,0.9944525,0.6786343,0.99909705,0.9993552,0.99979603,0.9975569,0.9999976,0.99993217,0.99999976,0.9999994,0.9968465,0.99946964,0.99993247,0.0855785,0.9849932,0.9995955,0.99999976,0.99988854,0.99999964,0.99999964,0.99999845,0.9998343,0.99239767,0.9999026,0.9996518,0.9997914,0.9998343,0.99925673,0.999913,0.9995998,0.9999859,0.51960266,0.99872965,0.9999722,0.99995995,0.9999975,1.0,0.99991846,0.99999166,0.946494,0.9999994,0.9999006,0.9998865,0.9999894,0.99997914,0.99993026,0.9999838,0.9997308,0.9999794,0.9778379,0.99999493,0.99999505,0.9999982,1.0,0.99965656,0.9999959,0.99981207,1.0,0.99997866,0.9998591
0.9999999,0.9999436,0.999979,0.9999979,0.9999973,0.9999398,0.9999758,0.9994452,0.9999846,0.9998665,0.9999976,0.99983335,0.9998454,0.9999965,0.9999926,0.9999944,0.9999989,0.9777332,0.99935937,0.9999812,0.99990076,0.99999905,0.99999964,0.9999907,0.99999505,0.9998704,0.9999671,0.9999697,0.9999952,0.99730194,0.9999778,0.9996626,0.99921083,0.9999993,0.99999547,0.99999976,0.99999726,0.99999887,0.99959254,0.9999999,0.9998415,0.9999924,0.99834913,0.99999547,0.9999975,0.999997,0.9998871,0.99992734,0.9999938,0.99999726,0.92783225,0.9999994,0.99999255,0.9999925,0.9999994,0.9999907,0.9999995,0.9999891,0.999998,0.99970156,0.99999356,0.9998895,0.99999535,0.9979719
1.0,0.9999913,0.99999934,0.9996493,0.99994457,0.999865,0.9999825,0.9996612,0.99998564,0.99997103,0.9999771,0.99987936,0.99976337,0.9999275,0.9982157,0.99993443,0.9985053,0.99975955,0.9997766,0.9999982,0.99999994,1.0,0.999992,0.99999875,0.9999919,0.99999857,0.99801743,0.99988747,0.99996936,0.9999628,0.99999875,0.99993396,0.9999854,0.9999894,0.9995122,0.999985,0.9974905,0.9995105,0.99920774,0.9999997,0.9967456,0.9992134,0.99999636,0.99998283,0.9995312,0.99999964,0.99997234,0.9999931,0.9999989,0.9999997,0.99999815,0.9765094,0.999994,0.999823,0.9999984,0.9999999,0.9999997,0.9996736,0.9999931,0.9999981,0.9999987,0.9999999,0.9999927,0.9999989
0.6445151,0.99999976,0.9999931,0.9994502,0.9998958,0.98939466,0.99677324,0.99999934,0.9999403,0.9997684,0.99997413,0.9997577,0.99996006,0.9997395,0.9999765,0.99999833,0.99844635,0.99514407,0.9999854,0.99999964,0.9999859,0.99969095,0.9996469,0.9909782,0.9999603,0.99995244,0.81472665,0.99967754,0.9995742,0.99999833,0.99998593,0.99972475,0.99965,0.9998401,0.9999985,0.9999994,0.9998453,0.99955845,0.9999985,0.9999529,0.99999654,0.9995751,0.9982697,0.9999844,0.9999968,0.99999785,0.99999213,0.9993845,0.9999997,0.9999025,0.9938921,0.9999857,0.99999344,0.99998677,0.9999691,0.99986696,0.9999998,0.9999999,0.99999976,0.9999965,0.99383014,1.0,0.9999889,0.9999615
0.99997026,0.9995889,0.99998045,0.9981303,0.9999999,0.9923972,0.9999656,0.9999852,0.9999994,0.99999034,0.9999962,0.9991397,0.9999285,0.9999764,0.99998987,0.99529505,0.9920486,0.9955306,0.99946177,0.9999997,0.9999565,0.99999917,0.99999076,0.9999963,0.9943258,0.99999744,0.9996743,0.9148751,0.99999845,0.99987215,0.99907404,0.9999826,0.99920636,0.99998647,0.9999125,0.9999679,0.99945474,0.9999964,0.99986553,0.99942386,0.99999225,0.99999934,0.9997635,0.9999722,0.99970794,0.9999999,0.9999971,0.999997,0.9999721,0.9999876,0.9999937,0.9999999,0.99966025,0.99999976,0.99998415,0.9990484,0.9998579,0.9999988,0.99992996,1.0,0.99999994,1.0,0.9999989,0.99999964
